Entity,Code,Year,Indicator:Proportion of population with primary reliance on clean fuels and technologies for cooking (%) - Residence Area Type:Total
Afghanistan,AFG,2000,6.2
Afghanistan,AFG,2001,7.2
Afghanistan,AFG,2002,8.2
Afghanistan,AFG,2003,9.5
Afghanistan,AFG,2004,10.9
Afghanistan,AFG,2005,12.2
Afghanistan,AFG,2006,13.85
Afghanistan,AFG,2007,15.3
Afghanistan,AFG,2008,16.7
Afghanistan,AFG,2009,18.4
Afghanistan,AFG,2010,20
Afghanistan,AFG,2011,21.8
Afghanistan,AFG,2012,23
Afghanistan,AFG,2013,24.8
Afghanistan,AFG,2014,26.1
Afghanistan,AFG,2015,27.4
Afghanistan,AFG,2016,28.6
Afghanistan,AFG,2017,29.7
Afghanistan,AFG,2018,30.9
Afghanistan,AFG,2019,31.9
Afghanistan,AFG,2020,33.2
Africa,,2000,13.5
Africa,,2001,13.6
Africa,,2002,13.8
Africa,,2003,13.9
Africa,,2004,14.1
Africa,,2005,14.3
Africa,,2006,14.5
Africa,,2007,14.7
Africa,,2008,14.9
Africa,,2009,15.2
Africa,,2010,15.4
Africa,,2011,15.7
Africa,,2012,16
Africa,,2013,16.3
Africa,,2014,16.6
Africa,,2015,17
Africa,,2016,17.5
Africa,,2017,18
Africa,,2018,18.6
Africa,,2019,19.2
Africa,,2020,19.8
Albania,ALB,2000,38.2
Albania,ALB,2001,40.5
Albania,ALB,2002,43.2
Albania,ALB,2003,46.4
Albania,ALB,2004,49
Albania,ALB,2005,51.9
Albania,ALB,2006,54.8
Albania,ALB,2007,58.1
Albania,ALB,2008,60.8
Albania,ALB,2009,63.6
Albania,ALB,2010,66.5
Albania,ALB,2011,68.9
Albania,ALB,2012,71.3
Albania,ALB,2013,73.15
Albania,ALB,2014,74.6
Albania,ALB,2015,76.2
Albania,ALB,2016,77.8
Albania,ALB,2017,78.7
Albania,ALB,2018,79.8
Albania,ALB,2019,80.7
Albania,ALB,2020,81.3
Algeria,DZA,2000,97.1
Algeria,DZA,2001,97.3
Algeria,DZA,2002,97.8
Algeria,DZA,2003,98
Algeria,DZA,2004,98.2
Algeria,DZA,2005,98.5
Algeria,DZA,2006,98.7
Algeria,DZA,2007,98.8
Algeria,DZA,2008,99
Algeria,DZA,2009,99.1
Algeria,DZA,2010,99.2
Algeria,DZA,2011,99.3
Algeria,DZA,2012,99.4
Algeria,DZA,2013,99.4
Algeria,DZA,2014,99.5
Algeria,DZA,2015,99.5
Algeria,DZA,2016,99.6
Algeria,DZA,2017,99.6
Algeria,DZA,2018,99.6
Algeria,DZA,2019,99.7
Algeria,DZA,2020,99.7
Americas,,2000,87.4
Americas,,2001,87.8
Americas,,2002,88.3
Americas,,2003,88.6
Americas,,2004,89
Americas,,2005,89.4
Americas,,2006,89.6
Americas,,2007,89.9
Americas,,2008,90.3
Americas,,2009,90.5
Americas,,2010,90.7
Americas,,2011,90.9
Americas,,2012,91.1
Americas,,2013,91.3
Americas,,2014,91.6
Americas,,2015,91.7
Americas,,2016,91.9
Americas,,2017,92.1
Americas,,2018,92.2
Americas,,2019,92.4
Americas,,2020,92.5
Andorra,AND,2000,100
Andorra,AND,2001,100
Andorra,AND,2002,100
Andorra,AND,2003,100
Andorra,AND,2004,100
Andorra,AND,2005,100
Andorra,AND,2006,100
Andorra,AND,2007,100
Andorra,AND,2008,100
Andorra,AND,2009,100
Andorra,AND,2010,100
Andorra,AND,2011,100
Andorra,AND,2012,100
Andorra,AND,2013,100
Andorra,AND,2014,100
Andorra,AND,2015,100
Andorra,AND,2016,100
Andorra,AND,2017,100
Andorra,AND,2018,100
Andorra,AND,2019,100
Andorra,AND,2020,100
Angola,AGO,2000,41.1
Angola,AGO,2001,41.7
Angola,AGO,2002,41.7
Angola,AGO,2003,42
Angola,AGO,2004,41.9
Angola,AGO,2005,42.6
Angola,AGO,2006,42.9
Angola,AGO,2007,43.5
Angola,AGO,2008,43.6
Angola,AGO,2009,43.8
Angola,AGO,2010,44.3
Angola,AGO,2011,44.8
Angola,AGO,2012,45.2
Angola,AGO,2013,45.8
Angola,AGO,2014,46.5
Angola,AGO,2015,47.2
Angola,AGO,2016,47.8
Angola,AGO,2017,48.4
Angola,AGO,2018,49.1
Angola,AGO,2019,49.5
Angola,AGO,2020,50.2
Antigua and Barbuda,ATG,2000,100
Antigua and Barbuda,ATG,2001,100
Antigua and Barbuda,ATG,2002,100
Antigua and Barbuda,ATG,2003,100
Antigua and Barbuda,ATG,2004,100
Antigua and Barbuda,ATG,2005,100
Antigua and Barbuda,ATG,2006,100
Antigua and Barbuda,ATG,2007,100
Antigua and Barbuda,ATG,2008,100
Antigua and Barbuda,ATG,2009,100
Antigua and Barbuda,ATG,2010,100
Antigua and Barbuda,ATG,2011,100
Antigua and Barbuda,ATG,2012,100
Antigua and Barbuda,ATG,2013,100
Antigua and Barbuda,ATG,2014,100
Antigua and Barbuda,ATG,2015,100
Antigua and Barbuda,ATG,2016,100
Antigua and Barbuda,ATG,2017,100
Antigua and Barbuda,ATG,2018,100
Antigua and Barbuda,ATG,2019,100
Antigua and Barbuda,ATG,2020,100
Argentina,ARG,2000,95
Argentina,ARG,2001,95.6
Argentina,ARG,2002,96.1
Argentina,ARG,2003,96.45
Argentina,ARG,2004,97.2
Argentina,ARG,2005,97.5
Argentina,ARG,2006,98.1
Argentina,ARG,2007,98.3
Argentina,ARG,2008,98.6
Argentina,ARG,2009,98.9
Argentina,ARG,2010,99.1
Argentina,ARG,2011,99.3
Argentina,ARG,2012,99.5
Argentina,ARG,2013,99.6
Argentina,ARG,2014,99.7
Argentina,ARG,2015,99.7
Argentina,ARG,2016,99.8
Argentina,ARG,2017,99.8
Argentina,ARG,2018,99.8
Argentina,ARG,2019,99.9
Argentina,ARG,2020,99.9
Armenia,ARM,2000,79.5
Armenia,ARM,2001,82.2
Armenia,ARM,2002,84.9
Armenia,ARM,2003,87.7
Armenia,ARM,2004,89.9
Armenia,ARM,2005,91.6
Armenia,ARM,2006,92.9
Armenia,ARM,2007,94.2
Armenia,ARM,2008,95
Armenia,ARM,2009,95.7
Armenia,ARM,2010,96.4
Armenia,ARM,2011,96.8
Armenia,ARM,2012,97.2
Armenia,ARM,2013,97.5
Armenia,ARM,2014,97.6
Armenia,ARM,2015,97.8
Armenia,ARM,2016,97.9
Armenia,ARM,2017,98
Armenia,ARM,2018,98
Armenia,ARM,2019,98
Armenia,ARM,2020,98.1
Australia,AUS,2000,100
Australia,AUS,2001,100
Australia,AUS,2002,100
Australia,AUS,2003,100
Australia,AUS,2004,100
Australia,AUS,2005,100
Australia,AUS,2006,100
Australia,AUS,2007,100
Australia,AUS,2008,100
Australia,AUS,2009,100
Australia,AUS,2010,100
Australia,AUS,2011,100
Australia,AUS,2012,100
Australia,AUS,2013,100
Australia,AUS,2014,100
Australia,AUS,2015,100
Australia,AUS,2016,100
Australia,AUS,2017,100
Australia,AUS,2018,100
Australia,AUS,2019,100
Australia,AUS,2020,100
Austria,AUT,2000,100
Austria,AUT,2001,100
Austria,AUT,2002,100
Austria,AUT,2003,100
Austria,AUT,2004,100
Austria,AUT,2005,100
Austria,AUT,2006,100
Austria,AUT,2007,100
Austria,AUT,2008,100
Austria,AUT,2009,100
Austria,AUT,2010,100
Austria,AUT,2011,100
Austria,AUT,2012,100
Austria,AUT,2013,100
Austria,AUT,2014,100
Austria,AUT,2015,100
Austria,AUT,2016,100
Austria,AUT,2017,100
Austria,AUT,2018,100
Austria,AUT,2019,100
Austria,AUT,2020,100
Azerbaijan,AZE,2000,70.3
Azerbaijan,AZE,2001,73.6
Azerbaijan,AZE,2002,76.8
Azerbaijan,AZE,2003,80.3
Azerbaijan,AZE,2004,82.9
Azerbaijan,AZE,2005,85.2
Azerbaijan,AZE,2006,87.4
Azerbaijan,AZE,2007,89.4
Azerbaijan,AZE,2008,90.7
Azerbaijan,AZE,2009,92.1
Azerbaijan,AZE,2010,93.1
Azerbaijan,AZE,2011,94
Azerbaijan,AZE,2012,94.7
Azerbaijan,AZE,2013,95.2
Azerbaijan,AZE,2014,95.5
Azerbaijan,AZE,2015,95.9
Azerbaijan,AZE,2016,96.2
Azerbaijan,AZE,2017,96.4
Azerbaijan,AZE,2018,96.6
Azerbaijan,AZE,2019,96.7
Azerbaijan,AZE,2020,96.8
Bahamas,BHS,2000,100
Bahamas,BHS,2001,100
Bahamas,BHS,2002,100
Bahamas,BHS,2003,100
Bahamas,BHS,2004,100
Bahamas,BHS,2005,100
Bahamas,BHS,2006,100
Bahamas,BHS,2007,100
Bahamas,BHS,2008,100
Bahamas,BHS,2009,100
Bahamas,BHS,2010,100
Bahamas,BHS,2011,100
Bahamas,BHS,2012,100
Bahamas,BHS,2013,100
Bahamas,BHS,2014,100
Bahamas,BHS,2015,100
Bahamas,BHS,2016,100
Bahamas,BHS,2017,100
Bahamas,BHS,2018,100
Bahamas,BHS,2019,100
Bahamas,BHS,2020,100
Bahrain,BHR,2000,100
Bahrain,BHR,2001,100
Bahrain,BHR,2002,100
Bahrain,BHR,2003,100
Bahrain,BHR,2004,100
Bahrain,BHR,2005,100
Bahrain,BHR,2006,100
Bahrain,BHR,2007,100
Bahrain,BHR,2008,100
Bahrain,BHR,2009,100
Bahrain,BHR,2010,100
Bahrain,BHR,2011,100
Bahrain,BHR,2012,100
Bahrain,BHR,2013,100
Bahrain,BHR,2014,100
Bahrain,BHR,2015,100
Bahrain,BHR,2016,100
Bahrain,BHR,2017,100
Bahrain,BHR,2018,100
Bahrain,BHR,2019,100
Bahrain,BHR,2020,100
Bangladesh,BGD,2000,8.3
Bangladesh,BGD,2001,8.3
Bangladesh,BGD,2002,8.4
Bangladesh,BGD,2003,8.6
Bangladesh,BGD,2004,8.9
Bangladesh,BGD,2005,9.2
Bangladesh,BGD,2006,9.8
Bangladesh,BGD,2007,10.3
Bangladesh,BGD,2008,11
Bangladesh,BGD,2009,11.8
Bangladesh,BGD,2010,12.7
Bangladesh,BGD,2011,13.7
Bangladesh,BGD,2012,14.7
Bangladesh,BGD,2013,15.8
Bangladesh,BGD,2014,17.1
Bangladesh,BGD,2015,18.3
Bangladesh,BGD,2016,19.3
Bangladesh,BGD,2017,20.6
Bangladesh,BGD,2018,21.9
Bangladesh,BGD,2019,23.4
Bangladesh,BGD,2020,25
Barbados,BRB,2000,100
Barbados,BRB,2001,100
Barbados,BRB,2002,100
Barbados,BRB,2003,100
Barbados,BRB,2004,100
Barbados,BRB,2005,100
Barbados,BRB,2006,100
Barbados,BRB,2007,100
Barbados,BRB,2008,100
Barbados,BRB,2009,100
Barbados,BRB,2010,100
Barbados,BRB,2011,100
Barbados,BRB,2012,100
Barbados,BRB,2013,100
Barbados,BRB,2014,100
Barbados,BRB,2015,100
Barbados,BRB,2016,100
Barbados,BRB,2017,100
Barbados,BRB,2018,100
Barbados,BRB,2019,100
Barbados,BRB,2020,100
Belarus,BLR,2000,94.7
Belarus,BLR,2001,95.2
Belarus,BLR,2002,95.8
Belarus,BLR,2003,96.4
Belarus,BLR,2004,96.9
Belarus,BLR,2005,97.1
Belarus,BLR,2006,97.5
Belarus,BLR,2007,97.9
Belarus,BLR,2008,98.15
Belarus,BLR,2009,98.5
Belarus,BLR,2010,98.7
Belarus,BLR,2011,98.8
Belarus,BLR,2012,99
Belarus,BLR,2013,99.1
Belarus,BLR,2014,99.2
Belarus,BLR,2015,99.3
Belarus,BLR,2016,99.4
Belarus,BLR,2017,99.4
Belarus,BLR,2018,99.5
Belarus,BLR,2019,99.5
Belarus,BLR,2020,99.6
Belgium,BEL,2000,100
Belgium,BEL,2001,100
Belgium,BEL,2002,100
Belgium,BEL,2003,100
Belgium,BEL,2004,100
Belgium,BEL,2005,100
Belgium,BEL,2006,100
Belgium,BEL,2007,100
Belgium,BEL,2008,100
Belgium,BEL,2009,100
Belgium,BEL,2010,100
Belgium,BEL,2011,100
Belgium,BEL,2012,100
Belgium,BEL,2013,100
Belgium,BEL,2014,100
Belgium,BEL,2015,100
Belgium,BEL,2016,100
Belgium,BEL,2017,100
Belgium,BEL,2018,100
Belgium,BEL,2019,100
Belgium,BEL,2020,100
Belize,BLZ,2000,79.9
Belize,BLZ,2001,80.6
Belize,BLZ,2002,81.5
Belize,BLZ,2003,81.9
Belize,BLZ,2004,82.6
Belize,BLZ,2005,82.9
Belize,BLZ,2006,83.2
Belize,BLZ,2007,83.3
Belize,BLZ,2008,83.5
Belize,BLZ,2009,83.4
Belize,BLZ,2010,83.6
Belize,BLZ,2011,83.4
Belize,BLZ,2012,83.3
Belize,BLZ,2013,83.3
Belize,BLZ,2014,83
Belize,BLZ,2015,82.9
Belize,BLZ,2016,82.8
Belize,BLZ,2017,82.6
Belize,BLZ,2018,82.4
Belize,BLZ,2019,82.1
Belize,BLZ,2020,82.1
Benin,BEN,2000,0.6
Benin,BEN,2001,0.8
Benin,BEN,2002,1
Benin,BEN,2003,1.3
Benin,BEN,2004,1.7
Benin,BEN,2005,2.1
Benin,BEN,2006,2.5
Benin,BEN,2007,2.9
Benin,BEN,2008,3.4
Benin,BEN,2009,3.7
Benin,BEN,2010,4
Benin,BEN,2011,4.1
Benin,BEN,2012,4.3
Benin,BEN,2013,4.3
Benin,BEN,2014,4.3
Benin,BEN,2015,4.3
Benin,BEN,2016,4.3
Benin,BEN,2017,4.2
Benin,BEN,2018,4.2
Benin,BEN,2019,4
Benin,BEN,2020,4
Bhutan,BTN,2000,27.8
Bhutan,BTN,2001,30.9
Bhutan,BTN,2002,34.8
Bhutan,BTN,2003,38.8
Bhutan,BTN,2004,42.7
Bhutan,BTN,2005,47.3
Bhutan,BTN,2006,51.1
Bhutan,BTN,2007,54.65
Bhutan,BTN,2008,57.8
Bhutan,BTN,2009,61.2
Bhutan,BTN,2010,63.9
Bhutan,BTN,2011,66.7
Bhutan,BTN,2012,68.9
Bhutan,BTN,2013,71.2
Bhutan,BTN,2014,72.9
Bhutan,BTN,2015,75
Bhutan,BTN,2016,76
Bhutan,BTN,2017,77.4
Bhutan,BTN,2018,78.3
Bhutan,BTN,2019,79.4
Bhutan,BTN,2020,80.2
Bolivia,BOL,2000,62.9
Bolivia,BOL,2001,63.9
Bolivia,BOL,2002,65
Bolivia,BOL,2003,65.9
Bolivia,BOL,2004,67.3
Bolivia,BOL,2005,68.4
Bolivia,BOL,2006,69.8
Bolivia,BOL,2007,71.5
Bolivia,BOL,2008,73.1
Bolivia,BOL,2009,74.7
Bolivia,BOL,2010,76.2
Bolivia,BOL,2011,77.8
Bolivia,BOL,2012,79.3
Bolivia,BOL,2013,80.4
Bolivia,BOL,2014,81.7
Bolivia,BOL,2015,82.7
Bolivia,BOL,2016,83.5
Bolivia,BOL,2017,84.2
Bolivia,BOL,2018,85
Bolivia,BOL,2019,85.7
Bolivia,BOL,2020,86.1
Bosnia and Herzegovina,BIH,2000,52.1
Bosnia and Herzegovina,BIH,2001,51.45
Bosnia and Herzegovina,BIH,2002,50.9
Bosnia and Herzegovina,BIH,2003,50.8
Bosnia and Herzegovina,BIH,2004,49.3
Bosnia and Herzegovina,BIH,2005,48.9
Bosnia and Herzegovina,BIH,2006,47.9
Bosnia and Herzegovina,BIH,2007,47.1
Bosnia and Herzegovina,BIH,2008,46.7
Bosnia and Herzegovina,BIH,2009,45.8
Bosnia and Herzegovina,BIH,2010,45
Bosnia and Herzegovina,BIH,2011,44.7
Bosnia and Herzegovina,BIH,2012,44.2
Bosnia and Herzegovina,BIH,2013,44.2
Bosnia and Herzegovina,BIH,2014,44.05
Bosnia and Herzegovina,BIH,2015,43.9
Bosnia and Herzegovina,BIH,2016,45.2
Bosnia and Herzegovina,BIH,2017,43.6
Bosnia and Herzegovina,BIH,2018,44.7
Bosnia and Herzegovina,BIH,2019,45
Bosnia and Herzegovina,BIH,2020,45.2
Botswana,BWA,2000,44.4
Botswana,BWA,2001,46.3
Botswana,BWA,2002,47.8
Botswana,BWA,2003,49.5
Botswana,BWA,2004,51.1
Botswana,BWA,2005,52.6
Botswana,BWA,2006,53.7
Botswana,BWA,2007,55.1
Botswana,BWA,2008,56.4
Botswana,BWA,2009,57.6
Botswana,BWA,2010,58.5
Botswana,BWA,2011,59.6
Botswana,BWA,2012,60.2
Botswana,BWA,2013,60.8
Botswana,BWA,2014,61.3
Botswana,BWA,2015,61.7
Botswana,BWA,2016,62.4
Botswana,BWA,2017,63
Botswana,BWA,2018,63.8
Botswana,BWA,2019,63.9
Botswana,BWA,2020,64.7
Brazil,BRA,2000,89
Brazil,BRA,2001,89.7
Brazil,BRA,2002,90.1
Brazil,BRA,2003,90.6
Brazil,BRA,2004,91.1
Brazil,BRA,2005,91.6
Brazil,BRA,2006,92.1
Brazil,BRA,2007,92.6
Brazil,BRA,2008,93.1
Brazil,BRA,2009,93.6
Brazil,BRA,2010,94
Brazil,BRA,2011,94.3
Brazil,BRA,2012,94.7
Brazil,BRA,2013,95
Brazil,BRA,2014,95.2
Brazil,BRA,2015,95.4
Brazil,BRA,2016,95.7
Brazil,BRA,2017,95.7
Brazil,BRA,2018,95.8
Brazil,BRA,2019,95.8
Brazil,BRA,2020,95.9
Brunei,BRN,2000,100
Brunei,BRN,2001,100
Brunei,BRN,2002,100
Brunei,BRN,2003,100
Brunei,BRN,2004,100
Brunei,BRN,2005,100
Brunei,BRN,2006,100
Brunei,BRN,2007,100
Brunei,BRN,2008,100
Brunei,BRN,2009,100
Brunei,BRN,2010,100
Brunei,BRN,2011,100
Brunei,BRN,2012,100
Brunei,BRN,2013,100
Brunei,BRN,2014,100
Brunei,BRN,2015,100
Brunei,BRN,2016,100
Brunei,BRN,2017,100
Brunei,BRN,2018,100
Brunei,BRN,2019,100
Brunei,BRN,2020,100
Burkina Faso,BFA,2000,2.7
Burkina Faso,BFA,2001,2.9
Burkina Faso,BFA,2002,3.1
Burkina Faso,BFA,2003,3.4
Burkina Faso,BFA,2004,3.7
Burkina Faso,BFA,2005,3.9
Burkina Faso,BFA,2006,4.4
Burkina Faso,BFA,2007,4.6
Burkina Faso,BFA,2008,5.1
Burkina Faso,BFA,2009,5.4
Burkina Faso,BFA,2010,5.8
Burkina Faso,BFA,2011,6.3
Burkina Faso,BFA,2012,6.7
Burkina Faso,BFA,2013,7.1
Burkina Faso,BFA,2014,7.6
Burkina Faso,BFA,2015,8.1
Burkina Faso,BFA,2016,8.7
Burkina Faso,BFA,2017,9
Burkina Faso,BFA,2018,9.5
Burkina Faso,BFA,2019,10.1
Burkina Faso,BFA,2020,10.6
Burundi,BDI,2000,0.3
Burundi,BDI,2001,0.3
Burundi,BDI,2002,0.3
Burundi,BDI,2003,0.3
Burundi,BDI,2004,0.3
Burundi,BDI,2005,0.3
Burundi,BDI,2006,0.3
Burundi,BDI,2007,0.3
Burundi,BDI,2008,0.3
Burundi,BDI,2009,0.3
Burundi,BDI,2010,0.3
Burundi,BDI,2011,0.2
Burundi,BDI,2012,0.2
Burundi,BDI,2013,0.2
Burundi,BDI,2014,0.2
Burundi,BDI,2015,0.2
Burundi,BDI,2016,0.2
Burundi,BDI,2017,0.2
Burundi,BDI,2018,0.2
Burundi,BDI,2019,0.2
Burundi,BDI,2020,0.2
Cambodia,KHM,2000,3.6
Cambodia,KHM,2001,4.1
Cambodia,KHM,2002,4.7
Cambodia,KHM,2003,5.3
Cambodia,KHM,2004,5.9
Cambodia,KHM,2005,6.7
Cambodia,KHM,2006,7.6
Cambodia,KHM,2007,8.4
Cambodia,KHM,2008,9.4
Cambodia,KHM,2009,10.5
Cambodia,KHM,2010,11.7
Cambodia,KHM,2011,13.1
Cambodia,KHM,2012,14.5
Cambodia,KHM,2013,16.2
Cambodia,KHM,2014,18
Cambodia,KHM,2015,20.3
Cambodia,KHM,2016,22.7
Cambodia,KHM,2017,25.5
Cambodia,KHM,2018,28.9
Cambodia,KHM,2019,32.6
Cambodia,KHM,2020,36.8
Cameroon,CMR,2000,9.8
Cameroon,CMR,2001,10.7
Cameroon,CMR,2002,11.7
Cameroon,CMR,2003,12.7
Cameroon,CMR,2004,13.7
Cameroon,CMR,2005,14.7
Cameroon,CMR,2006,15.9
Cameroon,CMR,2007,16.8
Cameroon,CMR,2008,17.7
Cameroon,CMR,2009,18.55
Cameroon,CMR,2010,19.4
Cameroon,CMR,2011,20
Cameroon,CMR,2012,20.8
Cameroon,CMR,2013,21.4
Cameroon,CMR,2014,21.7
Cameroon,CMR,2015,22
Cameroon,CMR,2016,22.2
Cameroon,CMR,2017,22.2
Cameroon,CMR,2018,22.1
Cameroon,CMR,2019,22.2
Cameroon,CMR,2020,21.9
Canada,CAN,2000,100
Canada,CAN,2001,100
Canada,CAN,2002,100
Canada,CAN,2003,100
Canada,CAN,2004,100
Canada,CAN,2005,100
Canada,CAN,2006,100
Canada,CAN,2007,100
Canada,CAN,2008,100
Canada,CAN,2009,100
Canada,CAN,2010,100
Canada,CAN,2011,100
Canada,CAN,2012,100
Canada,CAN,2013,100
Canada,CAN,2014,100
Canada,CAN,2015,100
Canada,CAN,2016,100
Canada,CAN,2017,100
Canada,CAN,2018,100
Canada,CAN,2019,100
Canada,CAN,2020,100
Cape Verde,CPV,2000,62.8
Cape Verde,CPV,2001,62.9
Cape Verde,CPV,2002,63.2
Cape Verde,CPV,2003,63.3
Cape Verde,CPV,2004,63.9
Cape Verde,CPV,2005,64.5
Cape Verde,CPV,2006,65.2
Cape Verde,CPV,2007,66.3
Cape Verde,CPV,2008,67.5
Cape Verde,CPV,2009,68.4
Cape Verde,CPV,2010,69.7
Cape Verde,CPV,2011,70.8
Cape Verde,CPV,2012,72
Cape Verde,CPV,2013,73.2
Cape Verde,CPV,2014,74.4
Cape Verde,CPV,2015,75.5
Cape Verde,CPV,2016,76.5
Cape Verde,CPV,2017,77.8
Cape Verde,CPV,2018,78.9
Cape Verde,CPV,2019,80.2
Cape Verde,CPV,2020,81
Central African Republic,CAF,2000,0.6
Central African Republic,CAF,2001,0.6
Central African Republic,CAF,2002,0.6
Central African Republic,CAF,2003,0.6
Central African Republic,CAF,2004,0.5
Central African Republic,CAF,2005,0.5
Central African Republic,CAF,2006,0.6
Central African Republic,CAF,2007,0.6
Central African Republic,CAF,2008,0.6
Central African Republic,CAF,2009,0.6
Central African Republic,CAF,2010,0.5
Central African Republic,CAF,2011,0.5
Central African Republic,CAF,2012,0.6
Central African Republic,CAF,2013,0.6
Central African Republic,CAF,2014,0.6
Central African Republic,CAF,2015,0.6
Central African Republic,CAF,2016,0.7
Central African Republic,CAF,2017,0.7
Central African Republic,CAF,2018,0.7
Central African Republic,CAF,2019,0.7
Central African Republic,CAF,2020,0.8
Chad,TCD,2000,3
Chad,TCD,2001,2.8
Chad,TCD,2002,2.5
Chad,TCD,2003,2.5
Chad,TCD,2004,2.45
Chad,TCD,2005,2.4
Chad,TCD,2006,2.4
Chad,TCD,2007,2.3
Chad,TCD,2008,2.3
Chad,TCD,2009,2.5
Chad,TCD,2010,2.6
Chad,TCD,2011,2.8
Chad,TCD,2012,2.9
Chad,TCD,2013,3.3
Chad,TCD,2014,3.7
Chad,TCD,2015,4.1
Chad,TCD,2016,4.6
Chad,TCD,2017,5.1
Chad,TCD,2018,5.5
Chad,TCD,2019,6.1
Chad,TCD,2020,6.8
Chile,CHL,2000,100
Chile,CHL,2001,100
Chile,CHL,2002,100
Chile,CHL,2003,100
Chile,CHL,2004,100
Chile,CHL,2005,100
Chile,CHL,2006,100
Chile,CHL,2007,100
Chile,CHL,2008,100
Chile,CHL,2009,100
Chile,CHL,2010,100
Chile,CHL,2011,100
Chile,CHL,2012,100
Chile,CHL,2013,100
Chile,CHL,2014,100
Chile,CHL,2015,100
Chile,CHL,2016,100
Chile,CHL,2017,100
Chile,CHL,2018,100
Chile,CHL,2019,100
Chile,CHL,2020,100
China,CHN,2000,42
China,CHN,2001,42.3
China,CHN,2002,43.1
China,CHN,2003,43.4
China,CHN,2004,44.9
China,CHN,2005,46.3
China,CHN,2006,47.7
China,CHN,2007,49.4
China,CHN,2008,51.1
China,CHN,2009,53.5
China,CHN,2010,55.6
China,CHN,2011,58
China,CHN,2012,60.7
China,CHN,2013,63.2
China,CHN,2014,66
China,CHN,2015,68.4
China,CHN,2016,70.6
China,CHN,2017,73.2
China,CHN,2018,75.6
China,CHN,2019,77.6
China,CHN,2020,79.4
Colombia,COL,2000,78.1
Colombia,COL,2001,78.9
Colombia,COL,2002,79.7
Colombia,COL,2003,80.7
Colombia,COL,2004,81.5
Colombia,COL,2005,82.4
Colombia,COL,2006,83
Colombia,COL,2007,83.8
Colombia,COL,2008,84.6
Colombia,COL,2009,85.4
Colombia,COL,2010,86.3
Colombia,COL,2011,87
Colombia,COL,2012,87.6
Colombia,COL,2013,88.45
Colombia,COL,2014,89.1
Colombia,COL,2015,89.75
Colombia,COL,2016,90.7
Colombia,COL,2017,91.2
Colombia,COL,2018,92
Colombia,COL,2019,92.5
Colombia,COL,2020,93.2
Comoros,COM,2000,0.6
Comoros,COM,2001,0.7
Comoros,COM,2002,0.8
Comoros,COM,2003,1
Comoros,COM,2004,1.2
Comoros,COM,2005,1.4
Comoros,COM,2006,1.7
Comoros,COM,2007,2
Comoros,COM,2008,2.4
Comoros,COM,2009,2.8
Comoros,COM,2010,3.2
Comoros,COM,2011,3.7
Comoros,COM,2012,4.2
Comoros,COM,2013,4.8
Comoros,COM,2014,5.3
Comoros,COM,2015,5.7
Comoros,COM,2016,6.3
Comoros,COM,2017,6.8
Comoros,COM,2018,7.3
Comoros,COM,2019,7.8
Comoros,COM,2020,8.4
Congo,COG,2000,9.3
Congo,COG,2001,9.6
Congo,COG,2002,9.9
Congo,COG,2003,10.5
Congo,COG,2004,11.1
Congo,COG,2005,11.6
Congo,COG,2006,12.6
Congo,COG,2007,13.4
Congo,COG,2008,14.5
Congo,COG,2009,15.8
Congo,COG,2010,17
Congo,COG,2011,18.5
Congo,COG,2012,20.05
Congo,COG,2013,21.8
Congo,COG,2014,23.5
Congo,COG,2015,25.4
Congo,COG,2016,27.4
Congo,COG,2017,29.5
Congo,COG,2018,31.05
Congo,COG,2019,32.6
Congo,COG,2020,34.9
Cook Islands,COK,2000,81.1
Cook Islands,COK,2001,81.4
Cook Islands,COK,2002,82.3
Cook Islands,COK,2003,82.5
Cook Islands,COK,2004,82.6
Cook Islands,COK,2005,83
Cook Islands,COK,2006,83.3
Cook Islands,COK,2007,83
Cook Islands,COK,2008,82.2
Cook Islands,COK,2009,82.1
Cook Islands,COK,2010,81.1
Cook Islands,COK,2011,80.5
Cook Islands,COK,2012,80.1
Cook Islands,COK,2013,79.8
Cook Islands,COK,2014,79.3
Cook Islands,COK,2015,78.45
Cook Islands,COK,2016,78.1
Cook Islands,COK,2017,77.4
Cook Islands,COK,2018,77.4
Cook Islands,COK,2019,76.6
Cook Islands,COK,2020,76.2
Costa Rica,CRI,2000,89
Costa Rica,CRI,2001,89.4
Costa Rica,CRI,2002,89.8
Costa Rica,CRI,2003,90.1
Costa Rica,CRI,2004,90.4
Costa Rica,CRI,2005,90.7
Costa Rica,CRI,2006,91.2
Costa Rica,CRI,2007,91.3
Costa Rica,CRI,2008,91.8
Costa Rica,CRI,2009,92.1
Costa Rica,CRI,2010,92.4
Costa Rica,CRI,2011,92.9
Costa Rica,CRI,2012,93.1
Costa Rica,CRI,2013,93.6
Costa Rica,CRI,2014,94
Costa Rica,CRI,2015,94.3
Costa Rica,CRI,2016,94.6
Costa Rica,CRI,2017,94.9
Costa Rica,CRI,2018,95.3
Costa Rica,CRI,2019,95.6
Costa Rica,CRI,2020,95.7
Cote d'Ivoire,CIV,2000,18.6
Cote d'Ivoire,CIV,2001,18.1
Cote d'Ivoire,CIV,2002,17.6
Cote d'Ivoire,CIV,2003,17.1
Cote d'Ivoire,CIV,2004,16.7
Cote d'Ivoire,CIV,2005,16.7
Cote d'Ivoire,CIV,2006,16.6
Cote d'Ivoire,CIV,2007,16.6
Cote d'Ivoire,CIV,2008,16.8
Cote d'Ivoire,CIV,2009,17.2
Cote d'Ivoire,CIV,2010,17.95
Cote d'Ivoire,CIV,2011,18.7
Cote d'Ivoire,CIV,2012,19.4
Cote d'Ivoire,CIV,2013,20.6
Cote d'Ivoire,CIV,2014,21.7
Cote d'Ivoire,CIV,2015,23.1
Cote d'Ivoire,CIV,2016,24.9
Cote d'Ivoire,CIV,2017,26.55
Cote d'Ivoire,CIV,2018,28.4
Cote d'Ivoire,CIV,2019,30.3
Cote d'Ivoire,CIV,2020,31.8
Croatia,HRV,2000,100
Croatia,HRV,2001,100
Croatia,HRV,2002,100
Croatia,HRV,2003,100
Croatia,HRV,2004,100
Croatia,HRV,2005,100
Croatia,HRV,2006,100
Croatia,HRV,2007,100
Croatia,HRV,2008,100
Croatia,HRV,2009,100
Croatia,HRV,2010,100
Croatia,HRV,2011,100
Croatia,HRV,2012,100
Croatia,HRV,2013,100
Croatia,HRV,2014,100
Croatia,HRV,2015,100
Croatia,HRV,2016,100
Croatia,HRV,2017,100
Croatia,HRV,2018,100
Croatia,HRV,2019,100
Croatia,HRV,2020,100
Cuba,CUB,2000,71.4
Cuba,CUB,2001,74.5
Cuba,CUB,2002,77.2
Cuba,CUB,2003,79.8
Cuba,CUB,2004,81.8
Cuba,CUB,2005,83.8
Cuba,CUB,2006,85.4
Cuba,CUB,2007,87
Cuba,CUB,2008,88.1
Cuba,CUB,2009,89.1
Cuba,CUB,2010,90.2
Cuba,CUB,2011,91
Cuba,CUB,2012,91.5
Cuba,CUB,2013,92
Cuba,CUB,2014,92.7
Cuba,CUB,2015,92.65
Cuba,CUB,2016,93.2
Cuba,CUB,2017,93.4
Cuba,CUB,2018,93.5
Cuba,CUB,2019,93.6
Cuba,CUB,2020,93.8
Cyprus,CYP,2000,100
Cyprus,CYP,2001,100
Cyprus,CYP,2002,100
Cyprus,CYP,2003,100
Cyprus,CYP,2004,100
Cyprus,CYP,2005,100
Cyprus,CYP,2006,100
Cyprus,CYP,2007,100
Cyprus,CYP,2008,100
Cyprus,CYP,2009,100
Cyprus,CYP,2010,100
Cyprus,CYP,2011,100
Cyprus,CYP,2012,100
Cyprus,CYP,2013,100
Cyprus,CYP,2014,100
Cyprus,CYP,2015,100
Cyprus,CYP,2016,100
Cyprus,CYP,2017,100
Cyprus,CYP,2018,100
Cyprus,CYP,2019,100
Cyprus,CYP,2020,100
Czechia,CZE,2000,100
Czechia,CZE,2001,100
Czechia,CZE,2002,100
Czechia,CZE,2003,100
Czechia,CZE,2004,100
Czechia,CZE,2005,100
Czechia,CZE,2006,100
Czechia,CZE,2007,100
Czechia,CZE,2008,100
Czechia,CZE,2009,100
Czechia,CZE,2010,100
Czechia,CZE,2011,100
Czechia,CZE,2012,100
Czechia,CZE,2013,100
Czechia,CZE,2014,100
Czechia,CZE,2015,100
Czechia,CZE,2016,100
Czechia,CZE,2017,100
Czechia,CZE,2018,100
Czechia,CZE,2019,100
Czechia,CZE,2020,100
Democratic Republic of Congo,COD,2000,1
Democratic Republic of Congo,COD,2001,1.2
Democratic Republic of Congo,COD,2002,1.4
Democratic Republic of Congo,COD,2003,1.6
Democratic Republic of Congo,COD,2004,1.9
Democratic Republic of Congo,COD,2005,2.1
Democratic Republic of Congo,COD,2006,2.4
Democratic Republic of Congo,COD,2007,2.7
Democratic Republic of Congo,COD,2008,2.9
Democratic Republic of Congo,COD,2009,3.1
Democratic Republic of Congo,COD,2010,3.2
Democratic Republic of Congo,COD,2011,3.5
Democratic Republic of Congo,COD,2012,3.5
Democratic Republic of Congo,COD,2013,3.7
Democratic Republic of Congo,COD,2014,3.8
Democratic Republic of Congo,COD,2015,3.7
Democratic Republic of Congo,COD,2016,3.7
Democratic Republic of Congo,COD,2017,3.8
Democratic Republic of Congo,COD,2018,3.6
Democratic Republic of Congo,COD,2019,3.75
Democratic Republic of Congo,COD,2020,3.7
Denmark,DNK,2000,100
Denmark,DNK,2001,100
Denmark,DNK,2002,100
Denmark,DNK,2003,100
Denmark,DNK,2004,100
Denmark,DNK,2005,100
Denmark,DNK,2006,100
Denmark,DNK,2007,100
Denmark,DNK,2008,100
Denmark,DNK,2009,100
Denmark,DNK,2010,100
Denmark,DNK,2011,100
Denmark,DNK,2012,100
Denmark,DNK,2013,100
Denmark,DNK,2014,100
Denmark,DNK,2015,100
Denmark,DNK,2016,100
Denmark,DNK,2017,100
Denmark,DNK,2018,100
Denmark,DNK,2019,100
Denmark,DNK,2020,100
Djibouti,DJI,2000,4
Djibouti,DJI,2001,4.1
Djibouti,DJI,2002,4.2
Djibouti,DJI,2003,4.3
Djibouti,DJI,2004,4.5
Djibouti,DJI,2005,4.8
Djibouti,DJI,2006,5
Djibouti,DJI,2007,5.3
Djibouti,DJI,2008,5.7
Djibouti,DJI,2009,6.1
Djibouti,DJI,2010,6.5
Djibouti,DJI,2011,6.8
Djibouti,DJI,2012,7.2
Djibouti,DJI,2013,7.8
Djibouti,DJI,2014,8.1
Djibouti,DJI,2015,8.4
Djibouti,DJI,2016,8.75
Djibouti,DJI,2017,9
Djibouti,DJI,2018,9.3
Djibouti,DJI,2019,9.5
Djibouti,DJI,2020,9.65
Dominica,DMA,2000,81
Dominica,DMA,2001,82
Dominica,DMA,2002,82.8
Dominica,DMA,2003,83.6
Dominica,DMA,2004,84
Dominica,DMA,2005,85
Dominica,DMA,2006,85.5
Dominica,DMA,2007,86.3
Dominica,DMA,2008,87
Dominica,DMA,2009,87.4
Dominica,DMA,2010,87.8
Dominica,DMA,2011,88.3
Dominica,DMA,2012,88.4
Dominica,DMA,2013,88.7
Dominica,DMA,2014,88.9
Dominica,DMA,2015,89.3
Dominica,DMA,2016,89.3
Dominica,DMA,2017,89.3
Dominica,DMA,2018,89.1
Dominica,DMA,2019,89.3
Dominica,DMA,2020,88.9
Dominican Republic,DOM,2000,84.1
Dominican Republic,DOM,2001,84.7
Dominican Republic,DOM,2002,85.5
Dominican Republic,DOM,2003,86.05
Dominican Republic,DOM,2004,86.4
Dominican Republic,DOM,2005,86.7
Dominican Republic,DOM,2006,87
Dominican Republic,DOM,2007,87.1
Dominican Republic,DOM,2008,87.3
Dominican Republic,DOM,2009,87.4
Dominican Republic,DOM,2010,87.6
Dominican Republic,DOM,2011,87.8
Dominican Republic,DOM,2012,87.9
Dominican Republic,DOM,2013,88.2
Dominican Republic,DOM,2014,88.5
Dominican Republic,DOM,2015,89
Dominican Republic,DOM,2016,89.5
Dominican Republic,DOM,2017,90
Dominican Republic,DOM,2018,90.4
Dominican Republic,DOM,2019,90.9
Dominican Republic,DOM,2020,91.5
Eastern Mediterranean,,2000,58.6
Eastern Mediterranean,,2001,59.7
Eastern Mediterranean,,2002,60.8
Eastern Mediterranean,,2003,61.7
Eastern Mediterranean,,2004,62.6
Eastern Mediterranean,,2005,63.6
Eastern Mediterranean,,2006,64.6
Eastern Mediterranean,,2007,65.5
Eastern Mediterranean,,2008,66.4
Eastern Mediterranean,,2009,67.2
Eastern Mediterranean,,2010,68.1
Eastern Mediterranean,,2011,68.8
Eastern Mediterranean,,2012,69.4
Eastern Mediterranean,,2013,70
Eastern Mediterranean,,2014,70.6
Eastern Mediterranean,,2015,71.1
Eastern Mediterranean,,2016,71.6
Eastern Mediterranean,,2017,72.1
Eastern Mediterranean,,2018,72.6
Eastern Mediterranean,,2019,73.1
Eastern Mediterranean,,2020,73.5
Ecuador,ECU,2000,87.8
Ecuador,ECU,2001,88.75
Ecuador,ECU,2002,89.8
Ecuador,ECU,2003,90.6
Ecuador,ECU,2004,91.1
Ecuador,ECU,2005,91.7
Ecuador,ECU,2006,92.3
Ecuador,ECU,2007,92.7
Ecuador,ECU,2008,93.05
Ecuador,ECU,2009,93.3
Ecuador,ECU,2010,93.6
Ecuador,ECU,2011,93.9
Ecuador,ECU,2012,94
Ecuador,ECU,2013,94.1
Ecuador,ECU,2014,94.3
Ecuador,ECU,2015,94.4
Ecuador,ECU,2016,94.4
Ecuador,ECU,2017,94.4
Ecuador,ECU,2018,94.5
Ecuador,ECU,2019,94.45
Ecuador,ECU,2020,94.3
Egypt,EGY,2000,83.5
Egypt,EGY,2001,86.7
Egypt,EGY,2002,89.4
Egypt,EGY,2003,92
Egypt,EGY,2004,93.85
Egypt,EGY,2005,95.5
Egypt,EGY,2006,96.7
Egypt,EGY,2007,97.6
Egypt,EGY,2008,98.2
Egypt,EGY,2009,98.8
Egypt,EGY,2010,99.1
Egypt,EGY,2011,99.4
Egypt,EGY,2012,99.55
Egypt,EGY,2013,99.7
Egypt,EGY,2014,99.8
Egypt,EGY,2015,99.8
Egypt,EGY,2016,99.8
Egypt,EGY,2017,99.9
Egypt,EGY,2018,99.9
Egypt,EGY,2019,99.9
Egypt,EGY,2020,99.9
El Salvador,SLV,2000,57.9
El Salvador,SLV,2001,59.95
El Salvador,SLV,2002,62
El Salvador,SLV,2003,63.9
El Salvador,SLV,2004,65.8
El Salvador,SLV,2005,67.7
El Salvador,SLV,2006,69.4
El Salvador,SLV,2007,71.4
El Salvador,SLV,2008,73.1
El Salvador,SLV,2009,75.1
El Salvador,SLV,2010,76.8
El Salvador,SLV,2011,78.7
El Salvador,SLV,2012,80.3
El Salvador,SLV,2013,82.1
El Salvador,SLV,2014,84
El Salvador,SLV,2015,85.5
El Salvador,SLV,2016,86.9
El Salvador,SLV,2017,88.2
El Salvador,SLV,2018,89.4
El Salvador,SLV,2019,90.75
El Salvador,SLV,2020,91.8
Equatorial Guinea,GNQ,2000,19
Equatorial Guinea,GNQ,2001,19.5
Equatorial Guinea,GNQ,2002,19.4
Equatorial Guinea,GNQ,2003,19.6
Equatorial Guinea,GNQ,2004,20.1
Equatorial Guinea,GNQ,2005,20.8
Equatorial Guinea,GNQ,2006,21.3
Equatorial Guinea,GNQ,2007,21.7
Equatorial Guinea,GNQ,2008,22.1
Equatorial Guinea,GNQ,2009,22.5
Equatorial Guinea,GNQ,2010,22.7
Equatorial Guinea,GNQ,2011,23.35
Equatorial Guinea,GNQ,2012,24
Equatorial Guinea,GNQ,2013,23.6
Equatorial Guinea,GNQ,2014,23.9
Equatorial Guinea,GNQ,2015,24
Equatorial Guinea,GNQ,2016,23.9
Equatorial Guinea,GNQ,2017,24.2
Equatorial Guinea,GNQ,2018,24.1
Equatorial Guinea,GNQ,2019,24
Equatorial Guinea,GNQ,2020,24.5
Eritrea,ERI,2000,3.5
Eritrea,ERI,2001,3.9
Eritrea,ERI,2002,4.4
Eritrea,ERI,2003,4.9
Eritrea,ERI,2004,5.4
Eritrea,ERI,2005,5.8
Eritrea,ERI,2006,6.4
Eritrea,ERI,2007,6.8
Eritrea,ERI,2008,7.4
Eritrea,ERI,2009,7.7
Eritrea,ERI,2010,8
Eritrea,ERI,2011,8.3
Eritrea,ERI,2012,8.6
Eritrea,ERI,2013,8.9
Eritrea,ERI,2014,8.9
Eritrea,ERI,2015,9
Eritrea,ERI,2016,9
Eritrea,ERI,2017,9.2
Eritrea,ERI,2018,9.1
Eritrea,ERI,2019,9.2
Eritrea,ERI,2020,9.3
Estonia,EST,2000,100
Estonia,EST,2001,100
Estonia,EST,2002,100
Estonia,EST,2003,100
Estonia,EST,2004,100
Estonia,EST,2005,100
Estonia,EST,2006,100
Estonia,EST,2007,100
Estonia,EST,2008,100
Estonia,EST,2009,100
Estonia,EST,2010,100
Estonia,EST,2011,100
Estonia,EST,2012,100
Estonia,EST,2013,100
Estonia,EST,2014,100
Estonia,EST,2015,100
Estonia,EST,2016,100
Estonia,EST,2017,100
Estonia,EST,2018,100
Estonia,EST,2019,100
Estonia,EST,2020,100
Eswatini,SWZ,2000,24.3
Eswatini,SWZ,2001,25.4
Eswatini,SWZ,2002,26.4
Eswatini,SWZ,2003,27.8
Eswatini,SWZ,2004,29.3
Eswatini,SWZ,2005,30.1
Eswatini,SWZ,2006,31.8
Eswatini,SWZ,2007,33.7
Eswatini,SWZ,2008,35.3
Eswatini,SWZ,2009,37.1
Eswatini,SWZ,2010,39.1
Eswatini,SWZ,2011,41
Eswatini,SWZ,2012,42.7
Eswatini,SWZ,2013,44.2
Eswatini,SWZ,2014,46.3
Eswatini,SWZ,2015,47.6
Eswatini,SWZ,2016,49.2
Eswatini,SWZ,2017,50.6
Eswatini,SWZ,2018,52.4
Eswatini,SWZ,2019,53.8
Eswatini,SWZ,2020,55.4
Ethiopia,ETH,2000,0.9
Ethiopia,ETH,2001,0.9
Ethiopia,ETH,2002,1
Ethiopia,ETH,2003,1
Ethiopia,ETH,2004,1.1
Ethiopia,ETH,2005,1.1
Ethiopia,ETH,2006,1.3
Ethiopia,ETH,2007,1.4
Ethiopia,ETH,2008,1.6
Ethiopia,ETH,2009,1.9
Ethiopia,ETH,2010,2.1
Ethiopia,ETH,2011,2.5
Ethiopia,ETH,2012,2.9
Ethiopia,ETH,2013,3.2
Ethiopia,ETH,2014,3.7
Ethiopia,ETH,2015,4.3
Ethiopia,ETH,2016,4.9
Ethiopia,ETH,2017,5.45
Ethiopia,ETH,2018,6.2
Ethiopia,ETH,2019,7
Ethiopia,ETH,2020,7.8
Europe,,2000,94.1
Europe,,2001,94.3
Europe,,2002,94.6
Europe,,2003,94.8
Europe,,2004,95
Europe,,2005,95.2
Europe,,2006,95.3
Europe,,2007,95.5
Europe,,2008,95.6
Europe,,2009,95.7
Europe,,2010,95.7
Europe,,2011,95.6
Europe,,2012,95.6
Europe,,2013,95.6
Europe,,2014,95.5
Europe,,2015,95.3
Europe,,2016,95.2
Europe,,2017,95
Europe,,2018,94.9
Europe,,2019,94.6
Europe,,2020,94.4
Fiji,FJI,2000,28.2
Fiji,FJI,2001,28.15
Fiji,FJI,2002,28.2
Fiji,FJI,2003,28.3
Fiji,FJI,2004,28.5
Fiji,FJI,2005,28.7
Fiji,FJI,2006,29.2
Fiji,FJI,2007,29.6
Fiji,FJI,2008,30.2
Fiji,FJI,2009,31
Fiji,FJI,2010,31.9
Fiji,FJI,2011,33.2
Fiji,FJI,2012,34.5
Fiji,FJI,2013,36.6
Fiji,FJI,2014,38.1
Fiji,FJI,2015,40.3
Fiji,FJI,2016,42.4
Fiji,FJI,2017,44.6
Fiji,FJI,2018,46.7
Fiji,FJI,2019,49.4
Fiji,FJI,2020,51.4
Finland,FIN,2000,100
Finland,FIN,2001,100
Finland,FIN,2002,100
Finland,FIN,2003,100
Finland,FIN,2004,100
Finland,FIN,2005,100
Finland,FIN,2006,100
Finland,FIN,2007,100
Finland,FIN,2008,100
Finland,FIN,2009,100
Finland,FIN,2010,100
Finland,FIN,2011,100
Finland,FIN,2012,100
Finland,FIN,2013,100
Finland,FIN,2014,100
Finland,FIN,2015,100
Finland,FIN,2016,100
Finland,FIN,2017,100
Finland,FIN,2018,100
Finland,FIN,2019,100
Finland,FIN,2020,100
France,FRA,2000,100
France,FRA,2001,100
France,FRA,2002,100
France,FRA,2003,100
France,FRA,2004,100
France,FRA,2005,100
France,FRA,2006,100
France,FRA,2007,100
France,FRA,2008,100
France,FRA,2009,100
France,FRA,2010,100
France,FRA,2011,100
France,FRA,2012,100
France,FRA,2013,100
France,FRA,2014,100
France,FRA,2015,100
France,FRA,2016,100
France,FRA,2017,100
France,FRA,2018,100
France,FRA,2019,100
France,FRA,2020,100
Gabon,GAB,2000,64.6
Gabon,GAB,2001,66.5
Gabon,GAB,2002,68
Gabon,GAB,2003,69.6
Gabon,GAB,2004,71.1
Gabon,GAB,2005,72.7
Gabon,GAB,2006,74.45
Gabon,GAB,2007,75.9
Gabon,GAB,2008,77.7
Gabon,GAB,2009,79
Gabon,GAB,2010,80.4
Gabon,GAB,2011,81.6
Gabon,GAB,2012,82.65
Gabon,GAB,2013,83.6
Gabon,GAB,2014,84.65
Gabon,GAB,2015,85.6
Gabon,GAB,2016,86.2
Gabon,GAB,2017,86.8
Gabon,GAB,2018,87.4
Gabon,GAB,2019,87.8
Gabon,GAB,2020,88.1
Gambia,GMB,2000,3.7
Gambia,GMB,2001,3.7
Gambia,GMB,2002,3.8
Gambia,GMB,2003,3.7
Gambia,GMB,2004,3.6
Gambia,GMB,2005,3.4
Gambia,GMB,2006,3.3
Gambia,GMB,2007,3.1
Gambia,GMB,2008,3
Gambia,GMB,2009,2.8
Gambia,GMB,2010,2.7
Gambia,GMB,2011,2.4
Gambia,GMB,2012,2.3
Gambia,GMB,2013,2.2
Gambia,GMB,2014,2.1
Gambia,GMB,2015,2
Gambia,GMB,2016,1.9
Gambia,GMB,2017,1.9
Gambia,GMB,2018,1.8
Gambia,GMB,2019,1.8
Gambia,GMB,2020,1.7
Georgia,GEO,2000,48.1
Georgia,GEO,2001,49.1
Georgia,GEO,2002,49.6
Georgia,GEO,2003,51.1
Georgia,GEO,2004,52.7
Georgia,GEO,2005,54.2
Georgia,GEO,2006,56.35
Georgia,GEO,2007,58.3
Georgia,GEO,2008,60.8
Georgia,GEO,2009,63
Georgia,GEO,2010,65.6
Georgia,GEO,2011,68.7
Georgia,GEO,2012,71.7
Georgia,GEO,2013,74.1
Georgia,GEO,2014,77
Georgia,GEO,2015,79.3
Georgia,GEO,2016,81.65
Georgia,GEO,2017,84
Georgia,GEO,2018,85.8
Georgia,GEO,2019,87.7
Georgia,GEO,2020,89.1
Germany,DEU,2000,100
Germany,DEU,2001,100
Germany,DEU,2002,100
Germany,DEU,2003,100
Germany,DEU,2004,100
Germany,DEU,2005,100
Germany,DEU,2006,100
Germany,DEU,2007,100
Germany,DEU,2008,100
Germany,DEU,2009,100
Germany,DEU,2010,100
Germany,DEU,2011,100
Germany,DEU,2012,100
Germany,DEU,2013,100
Germany,DEU,2014,100
Germany,DEU,2015,100
Germany,DEU,2016,100
Germany,DEU,2017,100
Germany,DEU,2018,100
Germany,DEU,2019,100
Germany,DEU,2020,100
Ghana,GHA,2000,6.2
Ghana,GHA,2001,6.6
Ghana,GHA,2002,7.2
Ghana,GHA,2003,7.9
Ghana,GHA,2004,8.5
Ghana,GHA,2005,9.5
Ghana,GHA,2006,10.5
Ghana,GHA,2007,11.8
Ghana,GHA,2008,13
Ghana,GHA,2009,14.5
Ghana,GHA,2010,16
Ghana,GHA,2011,17.3
Ghana,GHA,2012,18.7
Ghana,GHA,2013,19.6
Ghana,GHA,2014,20.5
Ghana,GHA,2015,21.1
Ghana,GHA,2016,21.8
Ghana,GHA,2017,21.9
Ghana,GHA,2018,22.2
Ghana,GHA,2019,22.4
Ghana,GHA,2020,22.2
Greece,GRC,2000,100
Greece,GRC,2001,100
Greece,GRC,2002,100
Greece,GRC,2003,100
Greece,GRC,2004,100
Greece,GRC,2005,100
Greece,GRC,2006,100
Greece,GRC,2007,100
Greece,GRC,2008,100
Greece,GRC,2009,100
Greece,GRC,2010,100
Greece,GRC,2011,100
Greece,GRC,2012,100
Greece,GRC,2013,100
Greece,GRC,2014,100
Greece,GRC,2015,100
Greece,GRC,2016,100
Greece,GRC,2017,100
Greece,GRC,2018,100
Greece,GRC,2019,100
Greece,GRC,2020,100
Grenada,GRD,2000,92.4
Grenada,GRD,2001,92.8
Grenada,GRD,2002,92.8
Grenada,GRD,2003,93.1
Grenada,GRD,2004,93.1
Grenada,GRD,2005,93.2
Grenada,GRD,2006,93.3
Grenada,GRD,2007,93.2
Grenada,GRD,2008,93.2
Grenada,GRD,2009,92.9
Grenada,GRD,2010,92.7
Grenada,GRD,2011,92.6
Grenada,GRD,2012,92.2
Grenada,GRD,2013,91.7
Grenada,GRD,2014,91.5
Grenada,GRD,2015,91.2
Grenada,GRD,2016,90.85
Grenada,GRD,2017,90.25
Grenada,GRD,2018,89.9
Grenada,GRD,2019,89.6
Grenada,GRD,2020,89.1
Guatemala,GTM,2000,40.55
Guatemala,GTM,2001,39.7
Guatemala,GTM,2002,39
Guatemala,GTM,2003,38.2
Guatemala,GTM,2004,37.6
Guatemala,GTM,2005,37.45
Guatemala,GTM,2006,37.3
Guatemala,GTM,2007,37.1
Guatemala,GTM,2008,37.1
Guatemala,GTM,2009,37.4
Guatemala,GTM,2010,38.1
Guatemala,GTM,2011,38.4
Guatemala,GTM,2012,39.2
Guatemala,GTM,2013,40.2
Guatemala,GTM,2014,41.6
Guatemala,GTM,2015,42.7
Guatemala,GTM,2016,44.3
Guatemala,GTM,2017,45.7
Guatemala,GTM,2018,46.95
Guatemala,GTM,2019,48.6
Guatemala,GTM,2020,50.1
Guinea,GIN,2000,0.7
Guinea,GIN,2001,0.7
Guinea,GIN,2002,0.7
Guinea,GIN,2003,0.7
Guinea,GIN,2004,0.7
Guinea,GIN,2005,0.7
Guinea,GIN,2006,0.7
Guinea,GIN,2007,0.7
Guinea,GIN,2008,0.7
Guinea,GIN,2009,0.7
Guinea,GIN,2010,0.7
Guinea,GIN,2011,0.8
Guinea,GIN,2012,0.8
Guinea,GIN,2013,0.8
Guinea,GIN,2014,0.9
Guinea,GIN,2015,1
Guinea,GIN,2016,1.1
Guinea,GIN,2017,1.2
Guinea,GIN,2018,1.4
Guinea,GIN,2019,1.6
Guinea,GIN,2020,1.9
Guinea-Bissau,GNB,2000,1.4
Guinea-Bissau,GNB,2001,1.3
Guinea-Bissau,GNB,2002,1.3
Guinea-Bissau,GNB,2003,1.2
Guinea-Bissau,GNB,2004,1.2
Guinea-Bissau,GNB,2005,1.2
Guinea-Bissau,GNB,2006,1.2
Guinea-Bissau,GNB,2007,1.1
Guinea-Bissau,GNB,2008,1.1
Guinea-Bissau,GNB,2009,1.1
Guinea-Bissau,GNB,2010,1.1
Guinea-Bissau,GNB,2011,1.1
Guinea-Bissau,GNB,2012,1.1
Guinea-Bissau,GNB,2013,1.1
Guinea-Bissau,GNB,2014,1.1
Guinea-Bissau,GNB,2015,1.1
Guinea-Bissau,GNB,2016,1.1
Guinea-Bissau,GNB,2017,1.1
Guinea-Bissau,GNB,2018,1.2
Guinea-Bissau,GNB,2019,1
Guinea-Bissau,GNB,2020,1.1
Guyana,GUY,2000,35.6
Guyana,GUY,2001,37.7
Guyana,GUY,2002,39.9
Guyana,GUY,2003,42.4
Guyana,GUY,2004,45
Guyana,GUY,2005,47.6
Guyana,GUY,2006,50.3
Guyana,GUY,2007,53
Guyana,GUY,2008,55.8
Guyana,GUY,2009,58.5
Guyana,GUY,2010,61
Guyana,GUY,2011,63.7
Guyana,GUY,2012,66.2
Guyana,GUY,2013,68.6
Guyana,GUY,2014,70.9
Guyana,GUY,2015,72.8
Guyana,GUY,2016,74.7
Guyana,GUY,2017,76.2
Guyana,GUY,2018,77.9
Guyana,GUY,2019,79.5
Guyana,GUY,2020,80.6
Haiti,HTI,2000,2.6
Haiti,HTI,2001,2.7
Haiti,HTI,2002,2.9
Haiti,HTI,2003,3
Haiti,HTI,2004,3.05
Haiti,HTI,2005,3.1
Haiti,HTI,2006,3.3
Haiti,HTI,2007,3.4
Haiti,HTI,2008,3.4
Haiti,HTI,2009,3.6
Haiti,HTI,2010,3.6
Haiti,HTI,2011,3.7
Haiti,HTI,2012,3.7
Haiti,HTI,2013,3.7
Haiti,HTI,2014,3.8
Haiti,HTI,2015,4
Haiti,HTI,2016,4
Haiti,HTI,2017,4.1
Haiti,HTI,2018,4.3
Haiti,HTI,2019,4.4
Haiti,HTI,2020,4.5
Honduras,HND,2000,30.7
Honduras,HND,2001,32.2
Honduras,HND,2002,33.8
Honduras,HND,2003,35
Honduras,HND,2004,36.3
Honduras,HND,2005,37.4
Honduras,HND,2006,38.7
Honduras,HND,2007,39.8
Honduras,HND,2008,40.8
Honduras,HND,2009,41.5
Honduras,HND,2010,42.5
Honduras,HND,2011,43.2
Honduras,HND,2012,43.8
Honduras,HND,2013,44.5
Honduras,HND,2014,45.1
Honduras,HND,2015,45.9
Honduras,HND,2016,46.5
Honduras,HND,2017,47.1
Honduras,HND,2018,47.2
Honduras,HND,2019,48.1
Honduras,HND,2020,48.3
Hungary,HUN,2000,100
Hungary,HUN,2001,100
Hungary,HUN,2002,100
Hungary,HUN,2003,100
Hungary,HUN,2004,100
Hungary,HUN,2005,100
Hungary,HUN,2006,100
Hungary,HUN,2007,100
Hungary,HUN,2008,100
Hungary,HUN,2009,100
Hungary,HUN,2010,100
Hungary,HUN,2011,100
Hungary,HUN,2012,100
Hungary,HUN,2013,100
Hungary,HUN,2014,100
Hungary,HUN,2015,100
Hungary,HUN,2016,100
Hungary,HUN,2017,100
Hungary,HUN,2018,100
Hungary,HUN,2019,100
Hungary,HUN,2020,100
Iceland,ISL,2000,100
Iceland,ISL,2001,100
Iceland,ISL,2002,100
Iceland,ISL,2003,100
Iceland,ISL,2004,100
Iceland,ISL,2005,100
Iceland,ISL,2006,100
Iceland,ISL,2007,100
Iceland,ISL,2008,100
Iceland,ISL,2009,100
Iceland,ISL,2010,100
Iceland,ISL,2011,100
Iceland,ISL,2012,100
Iceland,ISL,2013,100
Iceland,ISL,2014,100
Iceland,ISL,2015,100
Iceland,ISL,2016,100
Iceland,ISL,2017,100
Iceland,ISL,2018,100
Iceland,ISL,2019,100
Iceland,ISL,2020,100
India,IND,2000,22.3
India,IND,2001,23.4
India,IND,2002,24.7
India,IND,2003,25.9
India,IND,2004,27.3
India,IND,2005,28.6
India,IND,2006,29.5
India,IND,2007,30.55
India,IND,2008,32
India,IND,2009,34
India,IND,2010,35.4
India,IND,2011,37.2
India,IND,2012,39.6
India,IND,2013,41.6
India,IND,2014,44.8
India,IND,2015,48.2
India,IND,2016,51.4
India,IND,2017,55.8
India,IND,2018,59.8
India,IND,2019,63.9
India,IND,2020,67.9
Indonesia,IDN,2000,6.1
Indonesia,IDN,2001,6.9
Indonesia,IDN,2002,8
Indonesia,IDN,2003,9.3
Indonesia,IDN,2004,11.3
Indonesia,IDN,2005,14.1
Indonesia,IDN,2006,17.9
Indonesia,IDN,2007,22.5
Indonesia,IDN,2008,28.5
Indonesia,IDN,2009,34.7
Indonesia,IDN,2010,41.3
Indonesia,IDN,2011,47.3
Indonesia,IDN,2012,52.9
Indonesia,IDN,2013,58
Indonesia,IDN,2014,62.8
Indonesia,IDN,2015,67.1
Indonesia,IDN,2016,71.2
Indonesia,IDN,2017,75.1
Indonesia,IDN,2018,78.7
Indonesia,IDN,2019,81.85
Indonesia,IDN,2020,84.5
Iran,IRN,2000,93.2
Iran,IRN,2001,93.6
Iran,IRN,2002,94.3
Iran,IRN,2003,94.6
Iran,IRN,2004,95.1
Iran,IRN,2005,95.3
Iran,IRN,2006,95.8
Iran,IRN,2007,96
Iran,IRN,2008,96.1
Iran,IRN,2009,96.4
Iran,IRN,2010,96.5
Iran,IRN,2011,96.8
Iran,IRN,2012,96.7
Iran,IRN,2013,96.6
Iran,IRN,2014,96.7
Iran,IRN,2015,96.6
Iran,IRN,2016,96.7
Iran,IRN,2017,96.7
Iran,IRN,2018,96.5
Iran,IRN,2019,96.4
Iran,IRN,2020,96.1
Iraq,IRQ,2000,74.1
Iraq,IRQ,2001,77
Iraq,IRQ,2002,79.4
Iraq,IRQ,2003,82.2
Iraq,IRQ,2004,84.9
Iraq,IRQ,2005,87
Iraq,IRQ,2006,89.1
Iraq,IRQ,2007,90.9
Iraq,IRQ,2008,92.6
Iraq,IRQ,2009,93.9
Iraq,IRQ,2010,95
Iraq,IRQ,2011,96.05
Iraq,IRQ,2012,96.7
Iraq,IRQ,2013,97.3
Iraq,IRQ,2014,97.7
Iraq,IRQ,2015,98.1
Iraq,IRQ,2016,98.3
Iraq,IRQ,2017,98.7
Iraq,IRQ,2018,98.8
Iraq,IRQ,2019,98.9
Iraq,IRQ,2020,99
Ireland,IRL,2000,100
Ireland,IRL,2001,100
Ireland,IRL,2002,100
Ireland,IRL,2003,100
Ireland,IRL,2004,100
Ireland,IRL,2005,100
Ireland,IRL,2006,100
Ireland,IRL,2007,100
Ireland,IRL,2008,100
Ireland,IRL,2009,100
Ireland,IRL,2010,100
Ireland,IRL,2011,100
Ireland,IRL,2012,100
Ireland,IRL,2013,100
Ireland,IRL,2014,100
Ireland,IRL,2015,100
Ireland,IRL,2016,100
Ireland,IRL,2017,100
Ireland,IRL,2018,100
Ireland,IRL,2019,100
Ireland,IRL,2020,100
Israel,ISR,2000,100
Israel,ISR,2001,100
Israel,ISR,2002,100
Israel,ISR,2003,100
Israel,ISR,2004,100
Israel,ISR,2005,100
Israel,ISR,2006,100
Israel,ISR,2007,100
Israel,ISR,2008,100
Israel,ISR,2009,100
Israel,ISR,2010,100
Israel,ISR,2011,100
Israel,ISR,2012,100
Israel,ISR,2013,100
Israel,ISR,2014,100
Israel,ISR,2015,100
Israel,ISR,2016,100
Israel,ISR,2017,100
Israel,ISR,2018,100
Israel,ISR,2019,100
Israel,ISR,2020,100
Italy,ITA,2000,100
Italy,ITA,2001,100
Italy,ITA,2002,100
Italy,ITA,2003,100
Italy,ITA,2004,100
Italy,ITA,2005,100
Italy,ITA,2006,100
Italy,ITA,2007,100
Italy,ITA,2008,100
Italy,ITA,2009,100
Italy,ITA,2010,100
Italy,ITA,2011,100
Italy,ITA,2012,100
Italy,ITA,2013,100
Italy,ITA,2014,100
Italy,ITA,2015,100
Italy,ITA,2016,100
Italy,ITA,2017,100
Italy,ITA,2018,100
Italy,ITA,2019,100
Italy,ITA,2020,100
Jamaica,JAM,2000,75.7
Jamaica,JAM,2001,77.6
Jamaica,JAM,2002,79.2
Jamaica,JAM,2003,80.6
Jamaica,JAM,2004,81.9
Jamaica,JAM,2005,83.4
Jamaica,JAM,2006,84.1
Jamaica,JAM,2007,84.85
Jamaica,JAM,2008,85.4
Jamaica,JAM,2009,85.8
Jamaica,JAM,2010,85.9
Jamaica,JAM,2011,86.2
Jamaica,JAM,2012,86.1
Jamaica,JAM,2013,86
Jamaica,JAM,2014,85.85
Jamaica,JAM,2015,85.4
Jamaica,JAM,2016,85
Jamaica,JAM,2017,84.5
Jamaica,JAM,2018,83.9
Jamaica,JAM,2019,83.4
Jamaica,JAM,2020,82.7
Japan,JPN,2000,100
Japan,JPN,2001,100
Japan,JPN,2002,100
Japan,JPN,2003,100
Japan,JPN,2004,100
Japan,JPN,2005,100
Japan,JPN,2006,100
Japan,JPN,2007,100
Japan,JPN,2008,100
Japan,JPN,2009,100
Japan,JPN,2010,100
Japan,JPN,2011,100
Japan,JPN,2012,100
Japan,JPN,2013,100
Japan,JPN,2014,100
Japan,JPN,2015,100
Japan,JPN,2016,100
Japan,JPN,2017,100
Japan,JPN,2018,100
Japan,JPN,2019,100
Japan,JPN,2020,100
Jordan,JOR,2000,99.6
Jordan,JOR,2001,99.7
Jordan,JOR,2002,99.8
Jordan,JOR,2003,99.8
Jordan,JOR,2004,99.8
Jordan,JOR,2005,99.8
Jordan,JOR,2006,99.9
Jordan,JOR,2007,99.9
Jordan,JOR,2008,99.9
Jordan,JOR,2009,99.9
Jordan,JOR,2010,99.9
Jordan,JOR,2011,99.9
Jordan,JOR,2012,99.9
Jordan,JOR,2013,99.9
Jordan,JOR,2014,99.9
Jordan,JOR,2015,99.9
Jordan,JOR,2016,99.9
Jordan,JOR,2017,99.9
Jordan,JOR,2018,99.9
Jordan,JOR,2019,99.9
Jordan,JOR,2020,99.9
Kazakhstan,KAZ,2000,84.4
Kazakhstan,KAZ,2001,85.7
Kazakhstan,KAZ,2002,86.5
Kazakhstan,KAZ,2003,87.4
Kazakhstan,KAZ,2004,87.8
Kazakhstan,KAZ,2005,88.7
Kazakhstan,KAZ,2006,89.3
Kazakhstan,KAZ,2007,89.9
Kazakhstan,KAZ,2008,90.55
Kazakhstan,KAZ,2009,91.2
Kazakhstan,KAZ,2010,91.7
Kazakhstan,KAZ,2011,92.3
Kazakhstan,KAZ,2012,92.4
Kazakhstan,KAZ,2013,92.6
Kazakhstan,KAZ,2014,92.9
Kazakhstan,KAZ,2015,93.3
Kazakhstan,KAZ,2016,93.1
Kazakhstan,KAZ,2017,93.1
Kazakhstan,KAZ,2018,92.9
Kazakhstan,KAZ,2019,92.8
Kazakhstan,KAZ,2020,92.7
Kenya,KEN,2000,1.8
Kenya,KEN,2001,2.2
Kenya,KEN,2002,2.6
Kenya,KEN,2003,3.1
Kenya,KEN,2004,3.6
Kenya,KEN,2005,4.2
Kenya,KEN,2006,4.8
Kenya,KEN,2007,5.3
Kenya,KEN,2008,6
Kenya,KEN,2009,6.6
Kenya,KEN,2010,7.2
Kenya,KEN,2011,8
Kenya,KEN,2012,8.7
Kenya,KEN,2013,9.6
Kenya,KEN,2014,10.6
Kenya,KEN,2015,11.6
Kenya,KEN,2016,13
Kenya,KEN,2017,14.4
Kenya,KEN,2018,16
Kenya,KEN,2019,17.7
Kenya,KEN,2020,19.5
Kiribati,KIR,2000,1.6
Kiribati,KIR,2001,1.7
Kiribati,KIR,2002,1.7
Kiribati,KIR,2003,1.8
Kiribati,KIR,2004,1.9
Kiribati,KIR,2005,2
Kiribati,KIR,2006,2.1
Kiribati,KIR,2007,2.3
Kiribati,KIR,2008,2.6
Kiribati,KIR,2009,2.9
Kiribati,KIR,2010,3.2
Kiribati,KIR,2011,3.6
Kiribati,KIR,2012,4.1
Kiribati,KIR,2013,4.5
Kiribati,KIR,2014,5.2
Kiribati,KIR,2015,5.7
Kiribati,KIR,2016,6.5
Kiribati,KIR,2017,7.2
Kiribati,KIR,2018,8.2
Kiribati,KIR,2019,9.1
Kiribati,KIR,2020,9.9
Kuwait,KWT,2000,100
Kuwait,KWT,2001,100
Kuwait,KWT,2002,100
Kuwait,KWT,2003,100
Kuwait,KWT,2004,100
Kuwait,KWT,2005,100
Kuwait,KWT,2006,100
Kuwait,KWT,2007,100
Kuwait,KWT,2008,100
Kuwait,KWT,2009,100
Kuwait,KWT,2010,100
Kuwait,KWT,2011,100
Kuwait,KWT,2012,100
Kuwait,KWT,2013,100
Kuwait,KWT,2014,100
Kuwait,KWT,2015,100
Kuwait,KWT,2016,100
Kuwait,KWT,2017,100
Kuwait,KWT,2018,100
Kuwait,KWT,2019,100
Kuwait,KWT,2020,100
Kyrgyzstan,KGZ,2000,52.7
Kyrgyzstan,KGZ,2001,55
Kyrgyzstan,KGZ,2002,56.4
Kyrgyzstan,KGZ,2003,58.2
Kyrgyzstan,KGZ,2004,60.5
Kyrgyzstan,KGZ,2005,62.4
Kyrgyzstan,KGZ,2006,64.3
Kyrgyzstan,KGZ,2007,66.4
Kyrgyzstan,KGZ,2008,68.2
Kyrgyzstan,KGZ,2009,70
Kyrgyzstan,KGZ,2010,71.55
Kyrgyzstan,KGZ,2011,73.3
Kyrgyzstan,KGZ,2012,74.7
Kyrgyzstan,KGZ,2013,75.4
Kyrgyzstan,KGZ,2014,76
Kyrgyzstan,KGZ,2015,76.3
Kyrgyzstan,KGZ,2016,76.6
Kyrgyzstan,KGZ,2017,76.6
Kyrgyzstan,KGZ,2018,76.9
Kyrgyzstan,KGZ,2019,76.6
Kyrgyzstan,KGZ,2020,76.6
Laos,LAO,2000,1.3
Laos,LAO,2001,1.4
Laos,LAO,2002,1.5
Laos,LAO,2003,1.7
Laos,LAO,2004,1.8
Laos,LAO,2005,2.1
Laos,LAO,2006,2.3
Laos,LAO,2007,2.6
Laos,LAO,2008,2.9
Laos,LAO,2009,3.3
Laos,LAO,2010,3.5
Laos,LAO,2011,4.1
Laos,LAO,2012,4.4
Laos,LAO,2013,4.8
Laos,LAO,2014,5.2
Laos,LAO,2015,5.7
Laos,LAO,2016,6.2
Laos,LAO,2017,6.7
Laos,LAO,2018,7.2
Laos,LAO,2019,7.7
Laos,LAO,2020,8.5
Latvia,LVA,2000,100
Latvia,LVA,2001,100
Latvia,LVA,2002,100
Latvia,LVA,2003,100
Latvia,LVA,2004,100
Latvia,LVA,2005,100
Latvia,LVA,2006,100
Latvia,LVA,2007,100
Latvia,LVA,2008,100
Latvia,LVA,2009,100
Latvia,LVA,2010,100
Latvia,LVA,2011,100
Latvia,LVA,2012,100
Latvia,LVA,2013,100
Latvia,LVA,2014,100
Latvia,LVA,2015,100
Latvia,LVA,2016,100
Latvia,LVA,2017,100
Latvia,LVA,2018,100
Latvia,LVA,2019,100
Latvia,LVA,2020,100
Lesotho,LSO,2000,16
Lesotho,LSO,2001,17.5
Lesotho,LSO,2002,19.2
Lesotho,LSO,2003,20.8
Lesotho,LSO,2004,22.2
Lesotho,LSO,2005,23.9
Lesotho,LSO,2006,25.5
Lesotho,LSO,2007,26.9
Lesotho,LSO,2008,28.4
Lesotho,LSO,2009,29.9
Lesotho,LSO,2010,31.2
Lesotho,LSO,2011,32.5
Lesotho,LSO,2012,33.8
Lesotho,LSO,2013,34.95
Lesotho,LSO,2014,35.8
Lesotho,LSO,2015,36.5
Lesotho,LSO,2016,37.4
Lesotho,LSO,2017,38.1
Lesotho,LSO,2018,38.7
Lesotho,LSO,2019,39.3
Lesotho,LSO,2020,40.1
Liberia,LBR,2000,0.7
Liberia,LBR,2001,0.6
Liberia,LBR,2002,0.6
Liberia,LBR,2003,0.6
Liberia,LBR,2004,0.5
Liberia,LBR,2005,0.5
Liberia,LBR,2006,0.5
Liberia,LBR,2007,0.4
Liberia,LBR,2008,0.4
Liberia,LBR,2009,0.4
Liberia,LBR,2010,0.4
Liberia,LBR,2011,0.4
Liberia,LBR,2012,0.4
Liberia,LBR,2013,0.3
Liberia,LBR,2014,0.4
Liberia,LBR,2015,0.4
Liberia,LBR,2016,0.4
Liberia,LBR,2017,0.4
Liberia,LBR,2018,0.4
Liberia,LBR,2019,0.4
Liberia,LBR,2020,0.4
Lithuania,LTU,2000,100
Lithuania,LTU,2001,100
Lithuania,LTU,2002,100
Lithuania,LTU,2003,100
Lithuania,LTU,2004,100
Lithuania,LTU,2005,100
Lithuania,LTU,2006,100
Lithuania,LTU,2007,100
Lithuania,LTU,2008,100
Lithuania,LTU,2009,100
Lithuania,LTU,2010,100
Lithuania,LTU,2011,100
Lithuania,LTU,2012,100
Lithuania,LTU,2013,100
Lithuania,LTU,2014,100
Lithuania,LTU,2015,100
Lithuania,LTU,2016,100
Lithuania,LTU,2017,100
Lithuania,LTU,2018,100
Lithuania,LTU,2019,100
Lithuania,LTU,2020,100
Luxembourg,LUX,2000,100
Luxembourg,LUX,2001,100
Luxembourg,LUX,2002,100
Luxembourg,LUX,2003,100
Luxembourg,LUX,2004,100
Luxembourg,LUX,2005,100
Luxembourg,LUX,2006,100
Luxembourg,LUX,2007,100
Luxembourg,LUX,2008,100
Luxembourg,LUX,2009,100
Luxembourg,LUX,2010,100
Luxembourg,LUX,2011,100
Luxembourg,LUX,2012,100
Luxembourg,LUX,2013,100
Luxembourg,LUX,2014,100
Luxembourg,LUX,2015,100
Luxembourg,LUX,2016,100
Luxembourg,LUX,2017,100
Luxembourg,LUX,2018,100
Luxembourg,LUX,2019,100
Luxembourg,LUX,2020,100
Madagascar,MDG,2000,1.3
Madagascar,MDG,2001,1.3
Madagascar,MDG,2002,1.3
Madagascar,MDG,2003,1.2
Madagascar,MDG,2004,1.2
Madagascar,MDG,2005,1.1
Madagascar,MDG,2006,1.1
Madagascar,MDG,2007,1.1
Madagascar,MDG,2008,1
Madagascar,MDG,2009,1
Madagascar,MDG,2010,0.9
Madagascar,MDG,2011,0.9
Madagascar,MDG,2012,0.9
Madagascar,MDG,2013,0.9
Madagascar,MDG,2014,0.9
Madagascar,MDG,2015,0.9
Madagascar,MDG,2016,0.9
Madagascar,MDG,2017,0.9
Madagascar,MDG,2018,0.9
Madagascar,MDG,2019,0.9
Madagascar,MDG,2020,1
Malawi,MWI,2000,2.1
Malawi,MWI,2001,2.1
Malawi,MWI,2002,2.1
Malawi,MWI,2003,2.1
Malawi,MWI,2004,2.1
Malawi,MWI,2005,2.2
Malawi,MWI,2006,2.3
Malawi,MWI,2007,2.3
Malawi,MWI,2008,2.4
Malawi,MWI,2009,2.45
Malawi,MWI,2010,2.5
Malawi,MWI,2011,2.5
Malawi,MWI,2012,2.4
Malawi,MWI,2013,2.3
Malawi,MWI,2014,2.2
Malawi,MWI,2015,2
Malawi,MWI,2016,1.8
Malawi,MWI,2017,1.6
Malawi,MWI,2018,1.3
Malawi,MWI,2019,1.2
Malawi,MWI,2020,1
Malaysia,MYS,2000,98
Malaysia,MYS,2001,98
Malaysia,MYS,2002,98.1
Malaysia,MYS,2003,98.2
Malaysia,MYS,2004,98.1
Malaysia,MYS,2005,98.1
Malaysia,MYS,2006,98.1
Malaysia,MYS,2007,98
Malaysia,MYS,2008,98
Malaysia,MYS,2009,97.7
Malaysia,MYS,2010,97.7
Malaysia,MYS,2011,97.6
Malaysia,MYS,2012,97.4
Malaysia,MYS,2013,97.2
Malaysia,MYS,2014,97.1
Malaysia,MYS,2015,96.8
Malaysia,MYS,2016,96.6
Malaysia,MYS,2017,96.5
Malaysia,MYS,2018,96.1
Malaysia,MYS,2019,95.8
Malaysia,MYS,2020,95.5
Maldives,MDV,2000,53.1
Maldives,MDV,2001,58.6
Maldives,MDV,2002,63.7
Maldives,MDV,2003,68.9
Maldives,MDV,2004,74
Maldives,MDV,2005,78.7
Maldives,MDV,2006,82.9
Maldives,MDV,2007,86.15
Maldives,MDV,2008,89
Maldives,MDV,2009,91.25
Maldives,MDV,2010,93.3
Maldives,MDV,2011,94.8
Maldives,MDV,2012,95.9
Maldives,MDV,2013,96.6
Maldives,MDV,2014,97.3
Maldives,MDV,2015,97.9
Maldives,MDV,2016,98.3
Maldives,MDV,2017,98.6
Maldives,MDV,2018,98.8
Maldives,MDV,2019,99
Maldives,MDV,2020,99.2
Mali,MLI,2000,0.7
Mali,MLI,2001,0.8
Mali,MLI,2002,0.8
Mali,MLI,2003,0.8
Mali,MLI,2004,0.8
Mali,MLI,2005,0.8
Mali,MLI,2006,0.9
Mali,MLI,2007,0.9
Mali,MLI,2008,0.9
Mali,MLI,2009,0.9
Mali,MLI,2010,0.9
Mali,MLI,2011,0.9
Mali,MLI,2012,0.8
Mali,MLI,2013,0.9
Mali,MLI,2014,0.9
Mali,MLI,2015,0.9
Mali,MLI,2016,0.9
Mali,MLI,2017,0.9
Mali,MLI,2018,0.9
Mali,MLI,2019,0.9
Mali,MLI,2020,0.9
Malta,MLT,2000,100
Malta,MLT,2001,100
Malta,MLT,2002,100
Malta,MLT,2003,100
Malta,MLT,2004,100
Malta,MLT,2005,100
Malta,MLT,2006,100
Malta,MLT,2007,100
Malta,MLT,2008,100
Malta,MLT,2009,100
Malta,MLT,2010,100
Malta,MLT,2011,100
Malta,MLT,2012,100
Malta,MLT,2013,100
Malta,MLT,2014,100
Malta,MLT,2015,100
Malta,MLT,2016,100
Malta,MLT,2017,100
Malta,MLT,2018,100
Malta,MLT,2019,100
Malta,MLT,2020,100
Marshall Islands,MHL,2000,16.3
Marshall Islands,MHL,2001,19
Marshall Islands,MHL,2002,21.4
Marshall Islands,MHL,2003,24.4
Marshall Islands,MHL,2004,28.15
Marshall Islands,MHL,2005,32
Marshall Islands,MHL,2006,36.7
Marshall Islands,MHL,2007,41.1
Marshall Islands,MHL,2008,45.6
Marshall Islands,MHL,2009,49.5
Marshall Islands,MHL,2010,52.9
Marshall Islands,MHL,2011,55.4
Marshall Islands,MHL,2012,58
Marshall Islands,MHL,2013,59.35
Marshall Islands,MHL,2014,60.7
Marshall Islands,MHL,2015,61.9
Marshall Islands,MHL,2016,62.5
Marshall Islands,MHL,2017,63
Marshall Islands,MHL,2018,63.4
Marshall Islands,MHL,2019,63.9
Marshall Islands,MHL,2020,63.9
Mauritania,MRT,2000,29.6
Mauritania,MRT,2001,31.4
Mauritania,MRT,2002,33.2
Mauritania,MRT,2003,34.5
Mauritania,MRT,2004,36.1
Mauritania,MRT,2005,37.7
Mauritania,MRT,2006,38.7
Mauritania,MRT,2007,39.8
Mauritania,MRT,2008,40.9
Mauritania,MRT,2009,41.3
Mauritania,MRT,2010,41.8
Mauritania,MRT,2011,42.6
Mauritania,MRT,2012,42.7
Mauritania,MRT,2013,43
Mauritania,MRT,2014,43.1
Mauritania,MRT,2015,43.1
Mauritania,MRT,2016,43.3
Mauritania,MRT,2017,43.2
Mauritania,MRT,2018,43.3
Mauritania,MRT,2019,43
Mauritania,MRT,2020,42.6
Mauritius,MUS,2000,93.6
Mauritius,MUS,2001,94.1
Mauritius,MUS,2002,94.7
Mauritius,MUS,2003,95.05
Mauritius,MUS,2004,95.5
Mauritius,MUS,2005,95.8
Mauritius,MUS,2006,96.1
Mauritius,MUS,2007,96.3
Mauritius,MUS,2008,96.5
Mauritius,MUS,2009,96.7
Mauritius,MUS,2010,96.8
Mauritius,MUS,2011,96.9
Mauritius,MUS,2012,97.1
Mauritius,MUS,2013,97.1
Mauritius,MUS,2014,97.25
Mauritius,MUS,2015,97.2
Mauritius,MUS,2016,97.1
Mauritius,MUS,2017,97.1
Mauritius,MUS,2018,97
Mauritius,MUS,2019,96.9
Mauritius,MUS,2020,96.8
Mexico,MEX,2000,82.4
Mexico,MEX,2001,83.1
Mexico,MEX,2002,84.1
Mexico,MEX,2003,84.6
Mexico,MEX,2004,84.9
Mexico,MEX,2005,85.3
Mexico,MEX,2006,85.3
Mexico,MEX,2007,85.4
Mexico,MEX,2008,85.4
Mexico,MEX,2009,85.2
Mexico,MEX,2010,85
Mexico,MEX,2011,84.85
Mexico,MEX,2012,84.6
Mexico,MEX,2013,84.6
Mexico,MEX,2014,84.6
Mexico,MEX,2015,84.6
Mexico,MEX,2016,84.8
Mexico,MEX,2017,84.8
Mexico,MEX,2018,84.8
Mexico,MEX,2019,84.9
Mexico,MEX,2020,84.9
Micronesia (country),FSM,2000,10.8
Micronesia (country),FSM,2001,10.9
Micronesia (country),FSM,2002,10.8
Micronesia (country),FSM,2003,10.7
Micronesia (country),FSM,2004,10.9
Micronesia (country),FSM,2005,10.9
Micronesia (country),FSM,2006,11.1
Micronesia (country),FSM,2007,11.2
Micronesia (country),FSM,2008,11.3
Micronesia (country),FSM,2009,11.4
Micronesia (country),FSM,2010,11.6
Micronesia (country),FSM,2011,11.8
Micronesia (country),FSM,2012,11.9
Micronesia (country),FSM,2013,12
Micronesia (country),FSM,2014,12.2
Micronesia (country),FSM,2015,12.4
Micronesia (country),FSM,2016,12.6
Micronesia (country),FSM,2017,12.6
Micronesia (country),FSM,2018,12.7
Micronesia (country),FSM,2019,12.8
Micronesia (country),FSM,2020,13
Moldova,MDA,2000,64.3
Moldova,MDA,2001,68
Moldova,MDA,2002,71.7
Moldova,MDA,2003,75.1
Moldova,MDA,2004,78.6
Moldova,MDA,2005,81.35
Moldova,MDA,2006,84
Moldova,MDA,2007,86.3
Moldova,MDA,2008,88.3
Moldova,MDA,2009,89.8
Moldova,MDA,2010,91.1
Moldova,MDA,2011,92.3
Moldova,MDA,2012,93.3
Moldova,MDA,2013,93.8
Moldova,MDA,2014,94.4
Moldova,MDA,2015,94.7
Moldova,MDA,2016,95.2
Moldova,MDA,2017,95.4
Moldova,MDA,2018,95.6
Moldova,MDA,2019,95.8
Moldova,MDA,2020,95.8
Monaco,MCO,2000,100
Monaco,MCO,2001,100
Monaco,MCO,2002,100
Monaco,MCO,2003,100
Monaco,MCO,2004,100
Monaco,MCO,2005,100
Monaco,MCO,2006,100
Monaco,MCO,2007,100
Monaco,MCO,2008,100
Monaco,MCO,2009,100
Monaco,MCO,2010,100
Monaco,MCO,2011,100
Monaco,MCO,2012,100
Monaco,MCO,2013,100
Monaco,MCO,2014,100
Monaco,MCO,2015,100
Monaco,MCO,2016,100
Monaco,MCO,2017,100
Monaco,MCO,2018,100
Monaco,MCO,2019,100
Monaco,MCO,2020,100
Mongolia,MNG,2000,22.8
Mongolia,MNG,2001,23.1
Mongolia,MNG,2002,23.6
Mongolia,MNG,2003,24.3
Mongolia,MNG,2004,25.3
Mongolia,MNG,2005,26
Mongolia,MNG,2006,27.6
Mongolia,MNG,2007,28.8
Mongolia,MNG,2008,30.8
Mongolia,MNG,2009,33
Mongolia,MNG,2010,35.2
Mongolia,MNG,2011,37
Mongolia,MNG,2012,38.6
Mongolia,MNG,2013,40.8
Mongolia,MNG,2014,42.6
Mongolia,MNG,2015,44.15
Mongolia,MNG,2016,45.6
Mongolia,MNG,2017,47.2
Mongolia,MNG,2018,48.7
Mongolia,MNG,2019,50.1
Mongolia,MNG,2020,51.8
Montenegro,MNE,2000,67.35
Montenegro,MNE,2001,67.4
Montenegro,MNE,2002,67.3
Montenegro,MNE,2003,66.9
Montenegro,MNE,2004,66.6
Montenegro,MNE,2005,66.3
Montenegro,MNE,2006,65.2
Montenegro,MNE,2007,64.8
Montenegro,MNE,2008,64.2
Montenegro,MNE,2009,63.3
Montenegro,MNE,2010,63
Montenegro,MNE,2011,62.6
Montenegro,MNE,2012,61.9
Montenegro,MNE,2013,61.7
Montenegro,MNE,2014,61.45
Montenegro,MNE,2015,61.4
Montenegro,MNE,2016,61.5
Montenegro,MNE,2017,61.7
Montenegro,MNE,2018,61.8
Montenegro,MNE,2019,62
Montenegro,MNE,2020,62.4
Morocco,MAR,2000,90.6
Morocco,MAR,2001,91.3
Morocco,MAR,2002,92
Morocco,MAR,2003,92.7
Morocco,MAR,2004,93.2
Morocco,MAR,2005,94
Morocco,MAR,2006,94.35
Morocco,MAR,2007,95
Morocco,MAR,2008,95.6
Morocco,MAR,2009,96
Morocco,MAR,2010,96.5
Morocco,MAR,2011,96.7
Morocco,MAR,2012,97.1
Morocco,MAR,2013,97.3
Morocco,MAR,2014,97.4
Morocco,MAR,2015,97.7
Morocco,MAR,2016,97.8
Morocco,MAR,2017,97.9
Morocco,MAR,2018,97.9
Morocco,MAR,2019,98
Morocco,MAR,2020,98.1
Mozambique,MOZ,2000,2.3
Mozambique,MOZ,2001,2.3
Mozambique,MOZ,2002,2.3
Mozambique,MOZ,2003,2.4
Mozambique,MOZ,2004,2.4
Mozambique,MOZ,2005,2.5
Mozambique,MOZ,2006,2.5
Mozambique,MOZ,2007,2.7
Mozambique,MOZ,2008,2.7
Mozambique,MOZ,2009,2.9
Mozambique,MOZ,2010,3.1
Mozambique,MOZ,2011,3.1
Mozambique,MOZ,2012,3.4
Mozambique,MOZ,2013,3.5
Mozambique,MOZ,2014,3.7
Mozambique,MOZ,2015,3.9
Mozambique,MOZ,2016,4.2
Mozambique,MOZ,2017,4.35
Mozambique,MOZ,2018,4.6
Mozambique,MOZ,2019,4.8
Mozambique,MOZ,2020,5.1
Myanmar,MMR,2000,2.9
Myanmar,MMR,2001,3.1
Myanmar,MMR,2002,3.3
Myanmar,MMR,2003,3.6
Myanmar,MMR,2004,4.1
Myanmar,MMR,2005,4.6
Myanmar,MMR,2006,5.4
Myanmar,MMR,2007,6.2
Myanmar,MMR,2008,7.05
Myanmar,MMR,2009,8.4
Myanmar,MMR,2010,9.8
Myanmar,MMR,2011,11.5
Myanmar,MMR,2012,13.4
Myanmar,MMR,2013,15.1
Myanmar,MMR,2014,17.5
Myanmar,MMR,2015,19.6
Myanmar,MMR,2016,21.8
Myanmar,MMR,2017,24
Myanmar,MMR,2018,26.4
Myanmar,MMR,2019,28.9
Myanmar,MMR,2020,31.25
Namibia,NAM,2000,33.7
Namibia,NAM,2001,34
Namibia,NAM,2002,35
Namibia,NAM,2003,35.9
Namibia,NAM,2004,36.4
Namibia,NAM,2005,37.3
Namibia,NAM,2006,37.9
Namibia,NAM,2007,38.6
Namibia,NAM,2008,39.5
Namibia,NAM,2009,40.1
Namibia,NAM,2010,40.9
Namibia,NAM,2011,41.5
Namibia,NAM,2012,42.2
Namibia,NAM,2013,43
Namibia,NAM,2014,43.6
Namibia,NAM,2015,44.3
Namibia,NAM,2016,45.2
Namibia,NAM,2017,45.6
Namibia,NAM,2018,46
Namibia,NAM,2019,46.5
Namibia,NAM,2020,46.8
Nauru,NRU,2000,100
Nauru,NRU,2001,100
Nauru,NRU,2002,100
Nauru,NRU,2003,100
Nauru,NRU,2004,100
Nauru,NRU,2005,100
Nauru,NRU,2006,100
Nauru,NRU,2007,100
Nauru,NRU,2008,100
Nauru,NRU,2009,100
Nauru,NRU,2010,100
Nauru,NRU,2011,100
Nauru,NRU,2012,100
Nauru,NRU,2013,100
Nauru,NRU,2014,100
Nauru,NRU,2015,100
Nauru,NRU,2016,100
Nauru,NRU,2017,100
Nauru,NRU,2018,100
Nauru,NRU,2019,100
Nauru,NRU,2020,100
Nepal,NPL,2000,5.7
Nepal,NPL,2001,6.9
Nepal,NPL,2002,8.3
Nepal,NPL,2003,9.9
Nepal,NPL,2004,11.4
Nepal,NPL,2005,13.1
Nepal,NPL,2006,14.7
Nepal,NPL,2007,16.5
Nepal,NPL,2008,18.1
Nepal,NPL,2009,19.8
Nepal,NPL,2010,21.6
Nepal,NPL,2011,23.2
Nepal,NPL,2012,24.6
Nepal,NPL,2013,26.1
Nepal,NPL,2014,27.6
Nepal,NPL,2015,29
Nepal,NPL,2016,30.2
Nepal,NPL,2017,31.4
Nepal,NPL,2018,32.3
Nepal,NPL,2019,33.6
Nepal,NPL,2020,34.8
Netherlands,NLD,2000,100
Netherlands,NLD,2001,100
Netherlands,NLD,2002,100
Netherlands,NLD,2003,100
Netherlands,NLD,2004,100
Netherlands,NLD,2005,100
Netherlands,NLD,2006,100
Netherlands,NLD,2007,100
Netherlands,NLD,2008,100
Netherlands,NLD,2009,100
Netherlands,NLD,2010,100
Netherlands,NLD,2011,100
Netherlands,NLD,2012,100
Netherlands,NLD,2013,100
Netherlands,NLD,2014,100
Netherlands,NLD,2015,100
Netherlands,NLD,2016,100
Netherlands,NLD,2017,100
Netherlands,NLD,2018,100
Netherlands,NLD,2019,100
Netherlands,NLD,2020,100
New Zealand,NZL,2000,100
New Zealand,NZL,2001,100
New Zealand,NZL,2002,100
New Zealand,NZL,2003,100
New Zealand,NZL,2004,100
New Zealand,NZL,2005,100
New Zealand,NZL,2006,100
New Zealand,NZL,2007,100
New Zealand,NZL,2008,100
New Zealand,NZL,2009,100
New Zealand,NZL,2010,100
New Zealand,NZL,2011,100
New Zealand,NZL,2012,100
New Zealand,NZL,2013,100
New Zealand,NZL,2014,100
New Zealand,NZL,2015,100
New Zealand,NZL,2016,100
New Zealand,NZL,2017,100
New Zealand,NZL,2018,100
New Zealand,NZL,2019,100
New Zealand,NZL,2020,100
Nicaragua,NIC,2000,33.9
Nicaragua,NIC,2001,35
Nicaragua,NIC,2002,36
Nicaragua,NIC,2003,37
Nicaragua,NIC,2004,38.2
Nicaragua,NIC,2005,39.1
Nicaragua,NIC,2006,40.2
Nicaragua,NIC,2007,41.2
Nicaragua,NIC,2008,42.5
Nicaragua,NIC,2009,43.4
Nicaragua,NIC,2010,44.7
Nicaragua,NIC,2011,46
Nicaragua,NIC,2012,47.2
Nicaragua,NIC,2013,48.2
Nicaragua,NIC,2014,49.3
Nicaragua,NIC,2015,50.5
Nicaragua,NIC,2016,51.7
Nicaragua,NIC,2017,52.85
Nicaragua,NIC,2018,53.8
Nicaragua,NIC,2019,55.1
Nicaragua,NIC,2020,56.2
Niger,NER,2000,0.9
Niger,NER,2001,1
Niger,NER,2002,1
Niger,NER,2003,1
Niger,NER,2004,1
Niger,NER,2005,1
Niger,NER,2006,1
Niger,NER,2007,1.1
Niger,NER,2008,1.1
Niger,NER,2009,1.1
Niger,NER,2010,1.3
Niger,NER,2011,1.3
Niger,NER,2012,1.4
Niger,NER,2013,1.5
Niger,NER,2014,1.6
Niger,NER,2015,1.7
Niger,NER,2016,1.8
Niger,NER,2017,1.9
Niger,NER,2018,2.1
Niger,NER,2019,2.3
Niger,NER,2020,2.4
Nigeria,NGA,2000,1
Nigeria,NGA,2001,1
Nigeria,NGA,2002,0.9
Nigeria,NGA,2003,1
Nigeria,NGA,2004,1
Nigeria,NGA,2005,1
Nigeria,NGA,2006,1.1
Nigeria,NGA,2007,1.3
Nigeria,NGA,2008,1.4
Nigeria,NGA,2009,1.6
Nigeria,NGA,2010,1.9
Nigeria,NGA,2011,2.2
Nigeria,NGA,2012,2.7
Nigeria,NGA,2013,3.4
Nigeria,NGA,2014,4.2
Nigeria,NGA,2015,5.4
Nigeria,NGA,2016,6.85
Nigeria,NGA,2017,8.7
Nigeria,NGA,2018,10.7
Nigeria,NGA,2019,12.9
Nigeria,NGA,2020,15
Niue,NIU,2000,74.9
Niue,NIU,2001,77.7
Niue,NIU,2002,79.7
Niue,NIU,2003,82.1
Niue,NIU,2004,84.1
Niue,NIU,2005,86.2
Niue,NIU,2006,87.8
Niue,NIU,2007,89.8
Niue,NIU,2008,90.9
Niue,NIU,2009,92.3
Niue,NIU,2010,93.4
Niue,NIU,2011,94.3
Niue,NIU,2012,95.2
Niue,NIU,2013,95.7
Niue,NIU,2014,96.3
Niue,NIU,2015,96.7
Niue,NIU,2016,97.1
Niue,NIU,2017,97.4
Niue,NIU,2018,97.7
Niue,NIU,2019,97.7
Niue,NIU,2020,98
North Korea,PRK,2000,2.4
North Korea,PRK,2001,2.5
North Korea,PRK,2002,2.8
North Korea,PRK,2003,3
North Korea,PRK,2004,3.2
North Korea,PRK,2005,3.6
North Korea,PRK,2006,3.9
North Korea,PRK,2007,4.4
North Korea,PRK,2008,4.8
North Korea,PRK,2009,5.3
North Korea,PRK,2010,5.9
North Korea,PRK,2011,6.3
North Korea,PRK,2012,6.9
North Korea,PRK,2013,7.3
North Korea,PRK,2014,8.1
North Korea,PRK,2015,8.35
North Korea,PRK,2016,9
North Korea,PRK,2017,9.5
North Korea,PRK,2018,10.3
North Korea,PRK,2019,10.8
North Korea,PRK,2020,11.5
North Macedonia,MKD,2000,57.55
North Macedonia,MKD,2001,58.4
North Macedonia,MKD,2002,59.1
North Macedonia,MKD,2003,60.55
North Macedonia,MKD,2004,61.3
North Macedonia,MKD,2005,62.4
North Macedonia,MKD,2006,63.1
North Macedonia,MKD,2007,64.7
North Macedonia,MKD,2008,65.8
North Macedonia,MKD,2009,66.7
North Macedonia,MKD,2010,68.1
North Macedonia,MKD,2011,68.9
North Macedonia,MKD,2012,69.8
North Macedonia,MKD,2013,71
North Macedonia,MKD,2014,72.3
North Macedonia,MKD,2015,73.1
North Macedonia,MKD,2016,74.2
North Macedonia,MKD,2017,75.45
North Macedonia,MKD,2018,76.8
North Macedonia,MKD,2019,77.3
North Macedonia,MKD,2020,78.1
Norway,NOR,2000,100
Norway,NOR,2001,100
Norway,NOR,2002,100
Norway,NOR,2003,100
Norway,NOR,2004,100
Norway,NOR,2005,100
Norway,NOR,2006,100
Norway,NOR,2007,100
Norway,NOR,2008,100
Norway,NOR,2009,100
Norway,NOR,2010,100
Norway,NOR,2011,100
Norway,NOR,2012,100
Norway,NOR,2013,100
Norway,NOR,2014,100
Norway,NOR,2015,100
Norway,NOR,2016,100
Norway,NOR,2017,100
Norway,NOR,2018,100
Norway,NOR,2019,100
Norway,NOR,2020,100
Oman,OMN,2000,100
Oman,OMN,2001,100
Oman,OMN,2002,100
Oman,OMN,2003,100
Oman,OMN,2004,100
Oman,OMN,2005,100
Oman,OMN,2006,100
Oman,OMN,2007,100
Oman,OMN,2008,100
Oman,OMN,2009,100
Oman,OMN,2010,100
Oman,OMN,2011,100
Oman,OMN,2012,100
Oman,OMN,2013,100
Oman,OMN,2014,100
Oman,OMN,2015,100
Oman,OMN,2016,100
Oman,OMN,2017,100
Oman,OMN,2018,100
Oman,OMN,2019,100
Oman,OMN,2020,100
Pakistan,PAK,2000,23.7
Pakistan,PAK,2001,24.4
Pakistan,PAK,2002,25.6
Pakistan,PAK,2003,26.7
Pakistan,PAK,2004,27.65
Pakistan,PAK,2005,28.8
Pakistan,PAK,2006,30.2
Pakistan,PAK,2007,31.5
Pakistan,PAK,2008,32.8
Pakistan,PAK,2009,33.9
Pakistan,PAK,2010,35.7
Pakistan,PAK,2011,36.9
Pakistan,PAK,2012,38.2
Pakistan,PAK,2013,39.6
Pakistan,PAK,2014,41
Pakistan,PAK,2015,42.1
Pakistan,PAK,2016,43.3
Pakistan,PAK,2017,44.8
Pakistan,PAK,2018,46.3
Pakistan,PAK,2019,47.8
Pakistan,PAK,2020,49.3
Palau,PLW,2000,100
Palau,PLW,2001,100
Palau,PLW,2002,100
Palau,PLW,2003,100
Palau,PLW,2004,100
Palau,PLW,2005,100
Palau,PLW,2006,100
Palau,PLW,2007,100
Palau,PLW,2008,100
Palau,PLW,2009,100
Palau,PLW,2010,100
Palau,PLW,2011,100
Palau,PLW,2012,100
Palau,PLW,2013,100
Palau,PLW,2014,100
Palau,PLW,2015,100
Palau,PLW,2016,100
Palau,PLW,2017,100
Palau,PLW,2018,100
Palau,PLW,2019,100
Palau,PLW,2020,100
Panama,PAN,2000,80
Panama,PAN,2001,80.9
Panama,PAN,2002,81.6
Panama,PAN,2003,82.5
Panama,PAN,2004,83
Panama,PAN,2005,83.7
Panama,PAN,2006,84.1
Panama,PAN,2007,84.9
Panama,PAN,2008,85.4
Panama,PAN,2009,85.9
Panama,PAN,2010,86.4
Panama,PAN,2011,86.9
Panama,PAN,2012,87
Panama,PAN,2013,87.1
Panama,PAN,2014,87.6
Panama,PAN,2015,87.5
Panama,PAN,2016,87.7
Panama,PAN,2017,87.9
Panama,PAN,2018,87.6
Panama,PAN,2019,87.6
Panama,PAN,2020,87.6
Papua New Guinea,PNG,2000,5.6
Papua New Guinea,PNG,2001,5.7
Papua New Guinea,PNG,2002,5.9
Papua New Guinea,PNG,2003,6.1
Papua New Guinea,PNG,2004,6.1
Papua New Guinea,PNG,2005,6.5
Papua New Guinea,PNG,2006,6.7
Papua New Guinea,PNG,2007,6.9
Papua New Guinea,PNG,2008,7.1
Papua New Guinea,PNG,2009,7.4
Papua New Guinea,PNG,2010,7.7
Papua New Guinea,PNG,2011,7.8
Papua New Guinea,PNG,2012,8.2
Papua New Guinea,PNG,2013,8.2
Papua New Guinea,PNG,2014,8.5
Papua New Guinea,PNG,2015,8.7
Papua New Guinea,PNG,2016,8.85
Papua New Guinea,PNG,2017,8.8
Papua New Guinea,PNG,2018,9
Papua New Guinea,PNG,2019,9.1
Papua New Guinea,PNG,2020,9.4
Paraguay,PRY,2000,49.2
Paraguay,PRY,2001,48.9
Paraguay,PRY,2002,48.6
Paraguay,PRY,2003,48.4
Paraguay,PRY,2004,48.6
Paraguay,PRY,2005,49.1
Paraguay,PRY,2006,50.3
Paraguay,PRY,2007,51.7
Paraguay,PRY,2008,53.7
Paraguay,PRY,2009,55.6
Paraguay,PRY,2010,57.45
Paraguay,PRY,2011,59.7
Paraguay,PRY,2012,61.3
Paraguay,PRY,2013,63.1
Paraguay,PRY,2014,64.3
Paraguay,PRY,2015,65.4
Paraguay,PRY,2016,66.2
Paraguay,PRY,2017,66.8
Paraguay,PRY,2018,67.4
Paraguay,PRY,2019,68
Paraguay,PRY,2020,68.6
Peru,PER,2000,43.1
Peru,PER,2001,45.7
Peru,PER,2002,48.7
Peru,PER,2003,51.2
Peru,PER,2004,53.8
Peru,PER,2005,56.2
Peru,PER,2006,58.3
Peru,PER,2007,60.3
Peru,PER,2008,62.3
Peru,PER,2009,63.8
Peru,PER,2010,65.9
Peru,PER,2011,67.5
Peru,PER,2012,69.7
Peru,PER,2013,71.7
Peru,PER,2014,73.7
Peru,PER,2015,75.8
Peru,PER,2016,77.7
Peru,PER,2017,79.6
Peru,PER,2018,81.5
Peru,PER,2019,83.25
Peru,PER,2020,85.1
Philippines,PHL,2000,37.9
Philippines,PHL,2001,39.15
Philippines,PHL,2002,39.6
Philippines,PHL,2003,40.1
Philippines,PHL,2004,40.9
Philippines,PHL,2005,40.9
Philippines,PHL,2006,41.4
Philippines,PHL,2007,40.9
Philippines,PHL,2008,40.8
Philippines,PHL,2009,40.9
Philippines,PHL,2010,40.7
Philippines,PHL,2011,40.6
Philippines,PHL,2012,40.7
Philippines,PHL,2013,40.9
Philippines,PHL,2014,42
Philippines,PHL,2015,42.2
Philippines,PHL,2016,43.3
Philippines,PHL,2017,44.1
Philippines,PHL,2018,45.4
Philippines,PHL,2019,46.5
Philippines,PHL,2020,48
Poland,POL,2000,100
Poland,POL,2001,100
Poland,POL,2002,100
Poland,POL,2003,100
Poland,POL,2004,100
Poland,POL,2005,100
Poland,POL,2006,100
Poland,POL,2007,100
Poland,POL,2008,100
Poland,POL,2009,100
Poland,POL,2010,100
Poland,POL,2011,100
Poland,POL,2012,100
Poland,POL,2013,100
Poland,POL,2014,100
Poland,POL,2015,100
Poland,POL,2016,100
Poland,POL,2017,100
Poland,POL,2018,100
Poland,POL,2019,100
Poland,POL,2020,100
Portugal,PRT,2000,100
Portugal,PRT,2001,100
Portugal,PRT,2002,100
Portugal,PRT,2003,100
Portugal,PRT,2004,100
Portugal,PRT,2005,100
Portugal,PRT,2006,100
Portugal,PRT,2007,100
Portugal,PRT,2008,100
Portugal,PRT,2009,100
Portugal,PRT,2010,100
Portugal,PRT,2011,100
Portugal,PRT,2012,100
Portugal,PRT,2013,100
Portugal,PRT,2014,100
Portugal,PRT,2015,100
Portugal,PRT,2016,100
Portugal,PRT,2017,100
Portugal,PRT,2018,100
Portugal,PRT,2019,100
Portugal,PRT,2020,100
Qatar,QAT,2000,100
Qatar,QAT,2001,100
Qatar,QAT,2002,100
Qatar,QAT,2003,100
Qatar,QAT,2004,100
Qatar,QAT,2005,100
Qatar,QAT,2006,100
Qatar,QAT,2007,100
Qatar,QAT,2008,100
Qatar,QAT,2009,100
Qatar,QAT,2010,100
Qatar,QAT,2011,100
Qatar,QAT,2012,100
Qatar,QAT,2013,100
Qatar,QAT,2014,100
Qatar,QAT,2015,100
Qatar,QAT,2016,100
Qatar,QAT,2017,100
Qatar,QAT,2018,100
Qatar,QAT,2019,100
Qatar,QAT,2020,100
Romania,ROU,2000,72.4
Romania,ROU,2001,73.4
Romania,ROU,2002,74.2
Romania,ROU,2003,75.6
Romania,ROU,2004,77
Romania,ROU,2005,78
Romania,ROU,2006,79.1
Romania,ROU,2007,80.2
Romania,ROU,2008,81.5
Romania,ROU,2009,82.1
Romania,ROU,2010,83.2
Romania,ROU,2011,84.3
Romania,ROU,2012,84.8
Romania,ROU,2013,85.3
Romania,ROU,2014,85.8
Romania,ROU,2015,86.2
Romania,ROU,2016,86.5
Romania,ROU,2017,87.1
Romania,ROU,2018,87.1
Romania,ROU,2019,87.7
Romania,ROU,2020,87.7
Russia,RUS,2000,99.9
Russia,RUS,2001,99.9
Russia,RUS,2002,99.8
Russia,RUS,2003,99.7
Russia,RUS,2004,99.6
Russia,RUS,2005,99.4
Russia,RUS,2006,99
Russia,RUS,2007,98.7
Russia,RUS,2008,98.2
Russia,RUS,2009,97.7
Russia,RUS,2010,97
Russia,RUS,2011,96.1
Russia,RUS,2012,95.3
Russia,RUS,2013,94.4
Russia,RUS,2014,93.5
Russia,RUS,2015,92.3
Russia,RUS,2016,91.2
Russia,RUS,2017,90.3
Russia,RUS,2018,89.2
Russia,RUS,2019,87.8
Russia,RUS,2020,86.3
Rwanda,RWA,2000,0.2
Rwanda,RWA,2001,0.2
Rwanda,RWA,2002,0.2
Rwanda,RWA,2003,0.2
Rwanda,RWA,2004,0.1
Rwanda,RWA,2005,0.2
Rwanda,RWA,2006,0.2
Rwanda,RWA,2007,0.2
Rwanda,RWA,2008,0.2
Rwanda,RWA,2009,0.2
Rwanda,RWA,2010,0.2
Rwanda,RWA,2011,0.3
Rwanda,RWA,2012,0.3
Rwanda,RWA,2013,0.4
Rwanda,RWA,2014,0.5
Rwanda,RWA,2015,0.6
Rwanda,RWA,2016,0.9
Rwanda,RWA,2017,1.1
Rwanda,RWA,2018,1.4
Rwanda,RWA,2019,1.9
Rwanda,RWA,2020,2.4
Saint Kitts and Nevis,KNA,2000,100
Saint Kitts and Nevis,KNA,2001,100
Saint Kitts and Nevis,KNA,2002,100
Saint Kitts and Nevis,KNA,2003,100
Saint Kitts and Nevis,KNA,2004,100
Saint Kitts and Nevis,KNA,2005,100
Saint Kitts and Nevis,KNA,2006,100
Saint Kitts and Nevis,KNA,2007,100
Saint Kitts and Nevis,KNA,2008,100
Saint Kitts and Nevis,KNA,2009,100
Saint Kitts and Nevis,KNA,2010,100
Saint Kitts and Nevis,KNA,2011,100
Saint Kitts and Nevis,KNA,2012,100
Saint Kitts and Nevis,KNA,2013,100
Saint Kitts and Nevis,KNA,2014,100
Saint Kitts and Nevis,KNA,2015,100
Saint Kitts and Nevis,KNA,2016,100
Saint Kitts and Nevis,KNA,2017,100
Saint Kitts and Nevis,KNA,2018,100
Saint Kitts and Nevis,KNA,2019,100
Saint Kitts and Nevis,KNA,2020,100
Saint Lucia,LCA,2000,86.2
Saint Lucia,LCA,2001,87.7
Saint Lucia,LCA,2002,89.1
Saint Lucia,LCA,2003,90.4
Saint Lucia,LCA,2004,91.4
Saint Lucia,LCA,2005,92.3
Saint Lucia,LCA,2006,93.2
Saint Lucia,LCA,2007,93.9
Saint Lucia,LCA,2008,94.4
Saint Lucia,LCA,2009,94.9
Saint Lucia,LCA,2010,95.2
Saint Lucia,LCA,2011,95.4
Saint Lucia,LCA,2012,95.4
Saint Lucia,LCA,2013,95.5
Saint Lucia,LCA,2014,95.5
Saint Lucia,LCA,2015,95.3
Saint Lucia,LCA,2016,95.2
Saint Lucia,LCA,2017,95
Saint Lucia,LCA,2018,94.8
Saint Lucia,LCA,2019,94.4
Saint Lucia,LCA,2020,94.3
Saint Vincent and the Grenadines,VCT,2000,95.6
Saint Vincent and the Grenadines,VCT,2001,95.6
Saint Vincent and the Grenadines,VCT,2002,95.6
Saint Vincent and the Grenadines,VCT,2003,95.8
Saint Vincent and the Grenadines,VCT,2004,95.6
Saint Vincent and the Grenadines,VCT,2005,95.6
Saint Vincent and the Grenadines,VCT,2006,95.7
Saint Vincent and the Grenadines,VCT,2007,95.8
Saint Vincent and the Grenadines,VCT,2008,95.75
Saint Vincent and the Grenadines,VCT,2009,95.7
Saint Vincent and the Grenadines,VCT,2010,95.6
Saint Vincent and the Grenadines,VCT,2011,95.7
Saint Vincent and the Grenadines,VCT,2012,95.55
Saint Vincent and the Grenadines,VCT,2013,95.6
Saint Vincent and the Grenadines,VCT,2014,95.35
Saint Vincent and the Grenadines,VCT,2015,95.2
Saint Vincent and the Grenadines,VCT,2016,95.3
Saint Vincent and the Grenadines,VCT,2017,94.9
Saint Vincent and the Grenadines,VCT,2018,94.7
Saint Vincent and the Grenadines,VCT,2019,94.5
Saint Vincent and the Grenadines,VCT,2020,94.2
Samoa,WSM,2000,18.6
Samoa,WSM,2001,19.4
Samoa,WSM,2002,19.9
Samoa,WSM,2003,20.8
Samoa,WSM,2004,21.5
Samoa,WSM,2005,22.3
Samoa,WSM,2006,23.2
Samoa,WSM,2007,24
Samoa,WSM,2008,25.1
Samoa,WSM,2009,25.9
Samoa,WSM,2010,26.8
Samoa,WSM,2011,27.8
Samoa,WSM,2012,28.6
Samoa,WSM,2013,29.5
Samoa,WSM,2014,30.4
Samoa,WSM,2015,31.4
Samoa,WSM,2016,32.4
Samoa,WSM,2017,33.6
Samoa,WSM,2018,34.6
Samoa,WSM,2019,35.3
Samoa,WSM,2020,36.5
San Marino,SMR,2000,100
San Marino,SMR,2001,100
San Marino,SMR,2002,100
San Marino,SMR,2003,100
San Marino,SMR,2004,100
San Marino,SMR,2005,100
San Marino,SMR,2006,100
San Marino,SMR,2007,100
San Marino,SMR,2008,100
San Marino,SMR,2009,100
San Marino,SMR,2010,100
San Marino,SMR,2011,100
San Marino,SMR,2012,100
San Marino,SMR,2013,100
San Marino,SMR,2014,100
San Marino,SMR,2015,100
San Marino,SMR,2016,100
San Marino,SMR,2017,100
San Marino,SMR,2018,100
San Marino,SMR,2019,100
San Marino,SMR,2020,100
Sao Tome and Principe,STP,2000,0.4
Sao Tome and Principe,STP,2001,0.4
Sao Tome and Principe,STP,2002,0.4
Sao Tome and Principe,STP,2003,0.5
Sao Tome and Principe,STP,2004,0.5
Sao Tome and Principe,STP,2005,0.6
Sao Tome and Principe,STP,2006,0.7
Sao Tome and Principe,STP,2007,0.8
Sao Tome and Principe,STP,2008,0.9
Sao Tome and Principe,STP,2009,1.1
Sao Tome and Principe,STP,2010,1.2
Sao Tome and Principe,STP,2011,1.3
Sao Tome and Principe,STP,2012,1.5
Sao Tome and Principe,STP,2013,1.7
Sao Tome and Principe,STP,2014,1.9
Sao Tome and Principe,STP,2015,2.1
Sao Tome and Principe,STP,2016,2.3
Sao Tome and Principe,STP,2017,2.6
Sao Tome and Principe,STP,2018,2.7
Sao Tome and Principe,STP,2019,3
Sao Tome and Principe,STP,2020,3.3
Saudi Arabia,SAU,2000,100
Saudi Arabia,SAU,2001,100
Saudi Arabia,SAU,2002,100
Saudi Arabia,SAU,2003,100
Saudi Arabia,SAU,2004,100
Saudi Arabia,SAU,2005,100
Saudi Arabia,SAU,2006,100
Saudi Arabia,SAU,2007,100
Saudi Arabia,SAU,2008,100
Saudi Arabia,SAU,2009,100
Saudi Arabia,SAU,2010,100
Saudi Arabia,SAU,2011,100
Saudi Arabia,SAU,2012,100
Saudi Arabia,SAU,2013,100
Saudi Arabia,SAU,2014,100
Saudi Arabia,SAU,2015,100
Saudi Arabia,SAU,2016,100
Saudi Arabia,SAU,2017,100
Saudi Arabia,SAU,2018,100
Saudi Arabia,SAU,2019,100
Saudi Arabia,SAU,2020,100
Senegal,SEN,2000,34.8
Senegal,SEN,2001,35.9
Senegal,SEN,2002,37
Senegal,SEN,2003,37.9
Senegal,SEN,2004,38.5
Senegal,SEN,2005,38.8
Senegal,SEN,2006,38.4
Senegal,SEN,2007,37.6
Senegal,SEN,2008,36.7
Senegal,SEN,2009,35.4
Senegal,SEN,2010,33.85
Senegal,SEN,2011,32.4
Senegal,SEN,2012,30.8
Senegal,SEN,2013,29.3
Senegal,SEN,2014,28.4
Senegal,SEN,2015,27.3
Senegal,SEN,2016,26.5
Senegal,SEN,2017,25.9
Senegal,SEN,2018,25.2
Senegal,SEN,2019,24.7
Senegal,SEN,2020,24.2
Serbia,SRB,2000,57.6
Serbia,SRB,2001,58.8
Serbia,SRB,2002,59.8
Serbia,SRB,2003,60.6
Serbia,SRB,2004,62
Serbia,SRB,2005,62.5
Serbia,SRB,2006,63.6
Serbia,SRB,2007,64.6
Serbia,SRB,2008,65.3
Serbia,SRB,2009,66.1
Serbia,SRB,2010,67.4
Serbia,SRB,2011,67.9
Serbia,SRB,2012,69.2
Serbia,SRB,2013,70.45
Serbia,SRB,2014,71.6
Serbia,SRB,2015,73
Serbia,SRB,2016,74.4
Serbia,SRB,2017,75.7
Serbia,SRB,2018,77.3
Serbia,SRB,2019,78.6
Serbia,SRB,2020,79.8
Seychelles,SYC,2000,100
Seychelles,SYC,2001,100
Seychelles,SYC,2002,100
Seychelles,SYC,2003,100
Seychelles,SYC,2004,100
Seychelles,SYC,2005,100
Seychelles,SYC,2006,100
Seychelles,SYC,2007,100
Seychelles,SYC,2008,100
Seychelles,SYC,2009,100
Seychelles,SYC,2010,100
Seychelles,SYC,2011,100
Seychelles,SYC,2012,100
Seychelles,SYC,2013,100
Seychelles,SYC,2014,100
Seychelles,SYC,2015,100
Seychelles,SYC,2016,100
Seychelles,SYC,2017,100
Seychelles,SYC,2018,100
Seychelles,SYC,2019,100
Seychelles,SYC,2020,100
Sierra Leone,SLE,2000,0.1
Sierra Leone,SLE,2001,0.2
Sierra Leone,SLE,2002,0.2
Sierra Leone,SLE,2003,0.2
Sierra Leone,SLE,2004,0.3
Sierra Leone,SLE,2005,0.3
Sierra Leone,SLE,2006,0.3
Sierra Leone,SLE,2007,0.3
Sierra Leone,SLE,2008,0.4
Sierra Leone,SLE,2009,0.4
Sierra Leone,SLE,2010,0.4
Sierra Leone,SLE,2011,0.4
Sierra Leone,SLE,2012,0.4
Sierra Leone,SLE,2013,0.5
Sierra Leone,SLE,2014,0.5
Sierra Leone,SLE,2015,0.5
Sierra Leone,SLE,2016,0.5
Sierra Leone,SLE,2017,0.6
Sierra Leone,SLE,2018,0.65
Sierra Leone,SLE,2019,0.7
Sierra Leone,SLE,2020,0.8
Singapore,SGP,2000,100
Singapore,SGP,2001,100
Singapore,SGP,2002,100
Singapore,SGP,2003,100
Singapore,SGP,2004,100
Singapore,SGP,2005,100
Singapore,SGP,2006,100
Singapore,SGP,2007,100
Singapore,SGP,2008,100
Singapore,SGP,2009,100
Singapore,SGP,2010,100
Singapore,SGP,2011,100
Singapore,SGP,2012,100
Singapore,SGP,2013,100
Singapore,SGP,2014,100
Singapore,SGP,2015,100
Singapore,SGP,2016,100
Singapore,SGP,2017,100
Singapore,SGP,2018,100
Singapore,SGP,2019,100
Singapore,SGP,2020,100
Slovakia,SVK,2000,100
Slovakia,SVK,2001,100
Slovakia,SVK,2002,100
Slovakia,SVK,2003,100
Slovakia,SVK,2004,100
Slovakia,SVK,2005,100
Slovakia,SVK,2006,100
Slovakia,SVK,2007,100
Slovakia,SVK,2008,100
Slovakia,SVK,2009,100
Slovakia,SVK,2010,100
Slovakia,SVK,2011,100
Slovakia,SVK,2012,100
Slovakia,SVK,2013,100
Slovakia,SVK,2014,100
Slovakia,SVK,2015,100
Slovakia,SVK,2016,100
Slovakia,SVK,2017,100
Slovakia,SVK,2018,100
Slovakia,SVK,2019,100
Slovakia,SVK,2020,100
Slovenia,SVN,2000,100
Slovenia,SVN,2001,100
Slovenia,SVN,2002,100
Slovenia,SVN,2003,100
Slovenia,SVN,2004,100
Slovenia,SVN,2005,100
Slovenia,SVN,2006,100
Slovenia,SVN,2007,100
Slovenia,SVN,2008,100
Slovenia,SVN,2009,100
Slovenia,SVN,2010,100
Slovenia,SVN,2011,100
Slovenia,SVN,2012,100
Slovenia,SVN,2013,100
Slovenia,SVN,2014,100
Slovenia,SVN,2015,100
Slovenia,SVN,2016,100
Slovenia,SVN,2017,100
Slovenia,SVN,2018,100
Slovenia,SVN,2019,100
Slovenia,SVN,2020,100
Solomon Islands,SLB,2000,8.7
Solomon Islands,SLB,2001,8.7
Solomon Islands,SLB,2002,8.6
Solomon Islands,SLB,2003,8.6
Solomon Islands,SLB,2004,8.5
Solomon Islands,SLB,2005,8.4
Solomon Islands,SLB,2006,8.3
Solomon Islands,SLB,2007,8.2
Solomon Islands,SLB,2008,8.2
Solomon Islands,SLB,2009,8.2
Solomon Islands,SLB,2010,8.1
Solomon Islands,SLB,2011,8.2
Solomon Islands,SLB,2012,8.2
Solomon Islands,SLB,2013,8.2
Solomon Islands,SLB,2014,8.4
Solomon Islands,SLB,2015,8.4
Solomon Islands,SLB,2016,8.6
Solomon Islands,SLB,2017,8.6
Solomon Islands,SLB,2018,8.9
Solomon Islands,SLB,2019,9.2
Solomon Islands,SLB,2020,9.1
Somalia,SOM,2000,0.4
Somalia,SOM,2001,0.4
Somalia,SOM,2002,0.5
Somalia,SOM,2003,0.5
Somalia,SOM,2004,0.6
Somalia,SOM,2005,0.6
Somalia,SOM,2006,0.7
Somalia,SOM,2007,0.7
Somalia,SOM,2008,0.8
Somalia,SOM,2009,1
Somalia,SOM,2010,1.1
Somalia,SOM,2011,1.3
Somalia,SOM,2012,1.4
Somalia,SOM,2013,1.6
Somalia,SOM,2014,1.8
Somalia,SOM,2015,2
Somalia,SOM,2016,2.3
Somalia,SOM,2017,2.4
Somalia,SOM,2018,2.7
Somalia,SOM,2019,2.9
Somalia,SOM,2020,3.2
South Africa,ZAF,2000,55.9
South Africa,ZAF,2001,57.8
South Africa,ZAF,2002,60
South Africa,ZAF,2003,62.1
South Africa,ZAF,2004,64.4
South Africa,ZAF,2005,66.8
South Africa,ZAF,2006,69
South Africa,ZAF,2007,71.4
South Africa,ZAF,2008,73.5
South Africa,ZAF,2009,75.4
South Africa,ZAF,2010,77.1
South Africa,ZAF,2011,78.8
South Africa,ZAF,2012,80.2
South Africa,ZAF,2013,81.5
South Africa,ZAF,2014,82.65
South Africa,ZAF,2015,83.4
South Africa,ZAF,2016,84.4
South Africa,ZAF,2017,85.2
South Africa,ZAF,2018,85.7
South Africa,ZAF,2019,86.3
South Africa,ZAF,2020,86.8
South Korea,KOR,2000,100
South Korea,KOR,2001,100
South Korea,KOR,2002,100
South Korea,KOR,2003,100
South Korea,KOR,2004,100
South Korea,KOR,2005,100
South Korea,KOR,2006,100
South Korea,KOR,2007,100
South Korea,KOR,2008,100
South Korea,KOR,2009,100
South Korea,KOR,2010,100
South Korea,KOR,2011,100
South Korea,KOR,2012,100
South Korea,KOR,2013,100
South Korea,KOR,2014,100
South Korea,KOR,2015,100
South Korea,KOR,2016,100
South Korea,KOR,2017,100
South Korea,KOR,2018,100
South Korea,KOR,2019,100
South Korea,KOR,2020,100
South Sudan,SSD,2000,0.1
South Sudan,SSD,2001,0.1
South Sudan,SSD,2002,0
South Sudan,SSD,2003,0
South Sudan,SSD,2004,0
South Sudan,SSD,2005,0
South Sudan,SSD,2006,0
South Sudan,SSD,2007,0
South Sudan,SSD,2008,0
South Sudan,SSD,2009,0
South Sudan,SSD,2010,0
South Sudan,SSD,2011,0
South Sudan,SSD,2012,0
South Sudan,SSD,2013,0
South Sudan,SSD,2014,0
South Sudan,SSD,2015,0
South Sudan,SSD,2016,0
South Sudan,SSD,2017,0
South Sudan,SSD,2018,0
South Sudan,SSD,2019,0
South Sudan,SSD,2020,0
South-east Asia,,2000,19.3
South-east Asia,,2001,20.2
South-east Asia,,2002,21.5
South-east Asia,,2003,22.4
South-east Asia,,2004,23.8
South-east Asia,,2005,25.2
South-east Asia,,2006,26.5
South-east Asia,,2007,28.1
South-east Asia,,2008,29.9
South-east Asia,,2009,32.3
South-east Asia,,2010,34.4
South-east Asia,,2011,36.4
South-east Asia,,2012,39.2
South-east Asia,,2013,41.5
South-east Asia,,2014,44.4
South-east Asia,,2015,47.6
South-east Asia,,2016,50.4
South-east Asia,,2017,54.1
South-east Asia,,2018,57.6
South-east Asia,,2019,61.1
South-east Asia,,2020,64.5
Spain,ESP,2000,100
Spain,ESP,2001,100
Spain,ESP,2002,100
Spain,ESP,2003,100
Spain,ESP,2004,100
Spain,ESP,2005,100
Spain,ESP,2006,100
Spain,ESP,2007,100
Spain,ESP,2008,100
Spain,ESP,2009,100
Spain,ESP,2010,100
Spain,ESP,2011,100
Spain,ESP,2012,100
Spain,ESP,2013,100
Spain,ESP,2014,100
Spain,ESP,2015,100
Spain,ESP,2016,100
Spain,ESP,2017,100
Spain,ESP,2018,100
Spain,ESP,2019,100
Spain,ESP,2020,100
Sri Lanka,LKA,2000,16.9
Sri Lanka,LKA,2001,17.5
Sri Lanka,LKA,2002,17.9
Sri Lanka,LKA,2003,18.5
Sri Lanka,LKA,2004,18.7
Sri Lanka,LKA,2005,19.5
Sri Lanka,LKA,2006,19.8
Sri Lanka,LKA,2007,20.3
Sri Lanka,LKA,2008,20.9
Sri Lanka,LKA,2009,21.3
Sri Lanka,LKA,2010,21.7
Sri Lanka,LKA,2011,22.3
Sri Lanka,LKA,2012,23
Sri Lanka,LKA,2013,24
Sri Lanka,LKA,2014,24.8
Sri Lanka,LKA,2015,25.75
Sri Lanka,LKA,2016,26.9
Sri Lanka,LKA,2017,28.2
Sri Lanka,LKA,2018,29.4
Sri Lanka,LKA,2019,30.6
Sri Lanka,LKA,2020,32.2
Sudan,SDN,2000,7.6
Sudan,SDN,2001,9.5
Sudan,SDN,2002,11.2
Sudan,SDN,2003,13.4
Sudan,SDN,2004,15.5
Sudan,SDN,2005,17.9
Sudan,SDN,2006,21.3
Sudan,SDN,2007,24.15
Sudan,SDN,2008,26.6
Sudan,SDN,2009,29.7
Sudan,SDN,2010,32.5
Sudan,SDN,2011,35.6
Sudan,SDN,2012,38.95
Sudan,SDN,2013,40.95
Sudan,SDN,2014,43.3
Sudan,SDN,2015,45.4
Sudan,SDN,2016,47.9
Sudan,SDN,2017,49.8
Sudan,SDN,2018,51.3
Sudan,SDN,2019,53.6
Sudan,SDN,2020,54.7
Suriname,SUR,2000,77.9
Suriname,SUR,2001,78.85
Suriname,SUR,2002,79.8
Suriname,SUR,2003,80.9
Suriname,SUR,2004,82
Suriname,SUR,2005,82.8
Suriname,SUR,2006,83.5
Suriname,SUR,2007,84.6
Suriname,SUR,2008,85.3
Suriname,SUR,2009,86.3
Suriname,SUR,2010,87.1
Suriname,SUR,2011,88
Suriname,SUR,2012,89
Suriname,SUR,2013,89.8
Suriname,SUR,2014,90.6
Suriname,SUR,2015,91.2
Suriname,SUR,2016,92
Suriname,SUR,2017,92.7
Suriname,SUR,2018,93.3
Suriname,SUR,2019,93.9
Suriname,SUR,2020,94.5
Sweden,SWE,2000,100
Sweden,SWE,2001,100
Sweden,SWE,2002,100
Sweden,SWE,2003,100
Sweden,SWE,2004,100
Sweden,SWE,2005,100
Sweden,SWE,2006,100
Sweden,SWE,2007,100
Sweden,SWE,2008,100
Sweden,SWE,2009,100
Sweden,SWE,2010,100
Sweden,SWE,2011,100
Sweden,SWE,2012,100
Sweden,SWE,2013,100
Sweden,SWE,2014,100
Sweden,SWE,2015,100
Sweden,SWE,2016,100
Sweden,SWE,2017,100
Sweden,SWE,2018,100
Sweden,SWE,2019,100
Sweden,SWE,2020,100
Switzerland,CHE,2000,100
Switzerland,CHE,2001,100
Switzerland,CHE,2002,100
Switzerland,CHE,2003,100
Switzerland,CHE,2004,100
Switzerland,CHE,2005,100
Switzerland,CHE,2006,100
Switzerland,CHE,2007,100
Switzerland,CHE,2008,100
Switzerland,CHE,2009,100
Switzerland,CHE,2010,100
Switzerland,CHE,2011,100
Switzerland,CHE,2012,100
Switzerland,CHE,2013,100
Switzerland,CHE,2014,100
Switzerland,CHE,2015,100
Switzerland,CHE,2016,100
Switzerland,CHE,2017,100
Switzerland,CHE,2018,100
Switzerland,CHE,2019,100
Switzerland,CHE,2020,100
Syria,SYR,2000,98.6
Syria,SYR,2001,98.7
Syria,SYR,2002,98.9
Syria,SYR,2003,98.8
Syria,SYR,2004,98.9
Syria,SYR,2005,98.9
Syria,SYR,2006,98.9
Syria,SYR,2007,98.9
Syria,SYR,2008,98.8
Syria,SYR,2009,98.7
Syria,SYR,2010,98.6
Syria,SYR,2011,98.4
Syria,SYR,2012,98.4
Syria,SYR,2013,98.2
Syria,SYR,2014,98
Syria,SYR,2015,97.9
Syria,SYR,2016,97.6
Syria,SYR,2017,97.6
Syria,SYR,2018,97.2
Syria,SYR,2019,97.3
Syria,SYR,2020,96.9
Tajikistan,TJK,2000,36.5
Tajikistan,TJK,2001,40
Tajikistan,TJK,2002,44.1
Tajikistan,TJK,2003,48
Tajikistan,TJK,2004,52.15
Tajikistan,TJK,2005,56
Tajikistan,TJK,2006,59.65
Tajikistan,TJK,2007,62.6
Tajikistan,TJK,2008,65.3
Tajikistan,TJK,2009,67.7
Tajikistan,TJK,2010,69.9
Tajikistan,TJK,2011,71.9
Tajikistan,TJK,2012,73.4
Tajikistan,TJK,2013,74.85
Tajikistan,TJK,2014,76.5
Tajikistan,TJK,2015,77.3
Tajikistan,TJK,2016,78.7
Tajikistan,TJK,2017,79.7
Tajikistan,TJK,2018,80.9
Tajikistan,TJK,2019,81.6
Tajikistan,TJK,2020,82.4
Tanzania,TZA,2000,0.6
Tanzania,TZA,2001,0.7
Tanzania,TZA,2002,0.7
Tanzania,TZA,2003,0.7
Tanzania,TZA,2004,0.8
Tanzania,TZA,2005,0.8
Tanzania,TZA,2006,0.9
Tanzania,TZA,2007,1
Tanzania,TZA,2008,1.1
Tanzania,TZA,2009,1.2
Tanzania,TZA,2010,1.4
Tanzania,TZA,2011,1.7
Tanzania,TZA,2012,1.9
Tanzania,TZA,2013,2.2
Tanzania,TZA,2014,2.5
Tanzania,TZA,2015,2.9
Tanzania,TZA,2016,3.3
Tanzania,TZA,2017,3.6
Tanzania,TZA,2018,3.9
Tanzania,TZA,2019,4.3
Tanzania,TZA,2020,4.5
Thailand,THA,2000,56.9
Thailand,THA,2001,58.6
Thailand,THA,2002,61.1
Thailand,THA,2003,63
Thailand,THA,2004,64.6
Thailand,THA,2005,66.4
Thailand,THA,2006,68.2
Thailand,THA,2007,69.6
Thailand,THA,2008,71.1
Thailand,THA,2009,72.6
Thailand,THA,2010,73.6
Thailand,THA,2011,74.7
Thailand,THA,2012,75.9
Thailand,THA,2013,77.1
Thailand,THA,2014,77.9
Thailand,THA,2015,78.9
Thailand,THA,2016,80.1
Thailand,THA,2017,80.8
Thailand,THA,2018,81.7
Thailand,THA,2019,82.7
Thailand,THA,2020,83.6
Timor,TLS,2000,1.5
Timor,TLS,2001,1.6
Timor,TLS,2002,1.8
Timor,TLS,2003,2
Timor,TLS,2004,2.2
Timor,TLS,2005,2.4
Timor,TLS,2006,2.8
Timor,TLS,2007,3.1
Timor,TLS,2008,3.6
Timor,TLS,2009,4.1
Timor,TLS,2010,4.7
Timor,TLS,2011,5.3
Timor,TLS,2012,6
Timor,TLS,2013,6.8
Timor,TLS,2014,7.7
Timor,TLS,2015,8.5
Timor,TLS,2016,9.5
Timor,TLS,2017,10.3
Timor,TLS,2018,11.5
Timor,TLS,2019,12.5
Timor,TLS,2020,13.6
Togo,TGO,2000,0.5
Togo,TGO,2001,0.6
Togo,TGO,2002,0.7
Togo,TGO,2003,0.8
Togo,TGO,2004,1
Togo,TGO,2005,1.3
Togo,TGO,2006,1.6
Togo,TGO,2007,1.9
Togo,TGO,2008,2.4
Togo,TGO,2009,2.9
Togo,TGO,2010,3.4
Togo,TGO,2011,4
Togo,TGO,2012,4.5
Togo,TGO,2013,5.3
Togo,TGO,2014,6
Togo,TGO,2015,6.6
Togo,TGO,2016,7.3
Togo,TGO,2017,8
Togo,TGO,2018,8.6
Togo,TGO,2019,9.25
Togo,TGO,2020,10.1
Tonga,TON,2000,35.9
Tonga,TON,2001,38.05
Tonga,TON,2002,40.5
Tonga,TON,2003,42.8
Tonga,TON,2004,45.8
Tonga,TON,2005,47.9
Tonga,TON,2006,50.7
Tonga,TON,2007,53.1
Tonga,TON,2008,55.2
Tonga,TON,2009,57.6
Tonga,TON,2010,59.8
Tonga,TON,2011,62.1
Tonga,TON,2012,64.6
Tonga,TON,2013,67
Tonga,TON,2014,69.5
Tonga,TON,2015,72.1
Tonga,TON,2016,75.1
Tonga,TON,2017,77.1
Tonga,TON,2018,79.75
Tonga,TON,2019,82.1
Tonga,TON,2020,84.1
Trinidad and Tobago,TTO,2000,100
Trinidad and Tobago,TTO,2001,100
Trinidad and Tobago,TTO,2002,100
Trinidad and Tobago,TTO,2003,100
Trinidad and Tobago,TTO,2004,100
Trinidad and Tobago,TTO,2005,100
Trinidad and Tobago,TTO,2006,100
Trinidad and Tobago,TTO,2007,100
Trinidad and Tobago,TTO,2008,100
Trinidad and Tobago,TTO,2009,100
Trinidad and Tobago,TTO,2010,100
Trinidad and Tobago,TTO,2011,100
Trinidad and Tobago,TTO,2012,100
Trinidad and Tobago,TTO,2013,100
Trinidad and Tobago,TTO,2014,100
Trinidad and Tobago,TTO,2015,100
Trinidad and Tobago,TTO,2016,100
Trinidad and Tobago,TTO,2017,100
Trinidad and Tobago,TTO,2018,100
Trinidad and Tobago,TTO,2019,100
Trinidad and Tobago,TTO,2020,100
Tunisia,TUN,2000,94.2
Tunisia,TUN,2001,95.1
Tunisia,TUN,2002,96.1
Tunisia,TUN,2003,96.8
Tunisia,TUN,2004,97.4
Tunisia,TUN,2005,97.9
Tunisia,TUN,2006,98.4
Tunisia,TUN,2007,98.7
Tunisia,TUN,2008,99
Tunisia,TUN,2009,99.2
Tunisia,TUN,2010,99.4
Tunisia,TUN,2011,99.5
Tunisia,TUN,2012,99.6
Tunisia,TUN,2013,99.7
Tunisia,TUN,2014,99.7
Tunisia,TUN,2015,99.7
Tunisia,TUN,2016,99.8
Tunisia,TUN,2017,99.8
Tunisia,TUN,2018,99.8
Tunisia,TUN,2019,99.8
Tunisia,TUN,2020,99.8
Turkey,TUR,2000,90.1
Turkey,TUR,2001,90.8
Turkey,TUR,2002,91.3
Turkey,TUR,2003,91.7
Turkey,TUR,2004,92.3
Turkey,TUR,2005,92.8
Turkey,TUR,2006,93.1
Turkey,TUR,2007,93.4
Turkey,TUR,2008,93.7
Turkey,TUR,2009,93.9
Turkey,TUR,2010,94.2
Turkey,TUR,2011,94.3
Turkey,TUR,2012,94.5
Turkey,TUR,2013,94.7
Turkey,TUR,2014,94.8
Turkey,TUR,2015,94.9
Turkey,TUR,2016,95.1
Turkey,TUR,2017,95.2
Turkey,TUR,2018,95.2
Turkey,TUR,2019,95.2
Turkey,TUR,2020,95.2
Turkmenistan,TKM,2000,99.4
Turkmenistan,TKM,2001,99.5
Turkmenistan,TKM,2002,99.6
Turkmenistan,TKM,2003,99.6
Turkmenistan,TKM,2004,99.65
Turkmenistan,TKM,2005,99.7
Turkmenistan,TKM,2006,99.8
Turkmenistan,TKM,2007,99.8
Turkmenistan,TKM,2008,99.8
Turkmenistan,TKM,2009,99.8
Turkmenistan,TKM,2010,99.9
Turkmenistan,TKM,2011,99.9
Turkmenistan,TKM,2012,99.9
Turkmenistan,TKM,2013,99.9
Turkmenistan,TKM,2014,99.9
Turkmenistan,TKM,2015,99.9
Turkmenistan,TKM,2016,99.9
Turkmenistan,TKM,2017,99.9
Turkmenistan,TKM,2018,99.9
Turkmenistan,TKM,2019,99.9
Turkmenistan,TKM,2020,99.9
Tuvalu,TUV,2000,16.1
Tuvalu,TUV,2001,17.75
Tuvalu,TUV,2002,19.8
Tuvalu,TUV,2003,22.4
Tuvalu,TUV,2004,25.3
Tuvalu,TUV,2005,28.2
Tuvalu,TUV,2006,31.4
Tuvalu,TUV,2007,35.8
Tuvalu,TUV,2008,40.9
Tuvalu,TUV,2009,44.65
Tuvalu,TUV,2010,48.55
Tuvalu,TUV,2011,52.9
Tuvalu,TUV,2012,56.6
Tuvalu,TUV,2013,59.5
Tuvalu,TUV,2014,62.4
Tuvalu,TUV,2015,64.2
Tuvalu,TUV,2016,65.5
Tuvalu,TUV,2017,67.55
Tuvalu,TUV,2018,68.9
Tuvalu,TUV,2019,69.8
Tuvalu,TUV,2020,70.6
Uganda,UGA,2000,0.9
Uganda,UGA,2001,0.9
Uganda,UGA,2002,0.9
Uganda,UGA,2003,0.9
Uganda,UGA,2004,0.8
Uganda,UGA,2005,0.8
Uganda,UGA,2006,0.8
Uganda,UGA,2007,0.8
Uganda,UGA,2008,0.9
Uganda,UGA,2009,0.8
Uganda,UGA,2010,0.8
Uganda,UGA,2011,0.8
Uganda,UGA,2012,0.8
Uganda,UGA,2013,0.8
Uganda,UGA,2014,0.7
Uganda,UGA,2015,0.7
Uganda,UGA,2016,0.7
Uganda,UGA,2017,0.6
Uganda,UGA,2018,0.6
Uganda,UGA,2019,0.5
Uganda,UGA,2020,0.5
Ukraine,UKR,2000,91.65
Ukraine,UKR,2001,92
Ukraine,UKR,2002,92.3
Ukraine,UKR,2003,92.7
Ukraine,UKR,2004,92.9
Ukraine,UKR,2005,93.2
Ukraine,UKR,2006,93.6
Ukraine,UKR,2007,93.9
Ukraine,UKR,2008,94
Ukraine,UKR,2009,94.2
Ukraine,UKR,2010,94.3
Ukraine,UKR,2011,94.6
Ukraine,UKR,2012,94.7
Ukraine,UKR,2013,94.8
Ukraine,UKR,2014,94.8
Ukraine,UKR,2015,94.9
Ukraine,UKR,2016,94.9
Ukraine,UKR,2017,94.9
Ukraine,UKR,2018,95
Ukraine,UKR,2019,94.9
Ukraine,UKR,2020,94.9
United Arab Emirates,ARE,2000,100
United Arab Emirates,ARE,2001,100
United Arab Emirates,ARE,2002,100
United Arab Emirates,ARE,2003,100
United Arab Emirates,ARE,2004,100
United Arab Emirates,ARE,2005,100
United Arab Emirates,ARE,2006,100
United Arab Emirates,ARE,2007,100
United Arab Emirates,ARE,2008,100
United Arab Emirates,ARE,2009,100
United Arab Emirates,ARE,2010,100
United Arab Emirates,ARE,2011,100
United Arab Emirates,ARE,2012,100
United Arab Emirates,ARE,2013,100
United Arab Emirates,ARE,2014,100
United Arab Emirates,ARE,2015,100
United Arab Emirates,ARE,2016,100
United Arab Emirates,ARE,2017,100
United Arab Emirates,ARE,2018,100
United Arab Emirates,ARE,2019,100
United Arab Emirates,ARE,2020,100
United Kingdom,GBR,2000,100
United Kingdom,GBR,2001,100
United Kingdom,GBR,2002,100
United Kingdom,GBR,2003,100
United Kingdom,GBR,2004,100
United Kingdom,GBR,2005,100
United Kingdom,GBR,2006,100
United Kingdom,GBR,2007,100
United Kingdom,GBR,2008,100
United Kingdom,GBR,2009,100
United Kingdom,GBR,2010,100
United Kingdom,GBR,2011,100
United Kingdom,GBR,2012,100
United Kingdom,GBR,2013,100
United Kingdom,GBR,2014,100
United Kingdom,GBR,2015,100
United Kingdom,GBR,2016,100
United Kingdom,GBR,2017,100
United Kingdom,GBR,2018,100
United Kingdom,GBR,2019,100
United Kingdom,GBR,2020,100
United States,USA,2000,100
United States,USA,2001,100
United States,USA,2002,100
United States,USA,2003,100
United States,USA,2004,100
United States,USA,2005,100
United States,USA,2006,100
United States,USA,2007,100
United States,USA,2008,100
United States,USA,2009,100
United States,USA,2010,100
United States,USA,2011,100
United States,USA,2012,100
United States,USA,2013,100
United States,USA,2014,100
United States,USA,2015,100
United States,USA,2016,100
United States,USA,2017,100
United States,USA,2018,100
United States,USA,2019,100
United States,USA,2020,100
Uruguay,URY,2000,100
Uruguay,URY,2001,100
Uruguay,URY,2002,100
Uruguay,URY,2003,100
Uruguay,URY,2004,100
Uruguay,URY,2005,100
Uruguay,URY,2006,100
Uruguay,URY,2007,100
Uruguay,URY,2008,100
Uruguay,URY,2009,100
Uruguay,URY,2010,100
Uruguay,URY,2011,100
Uruguay,URY,2012,100
Uruguay,URY,2013,100
Uruguay,URY,2014,100
Uruguay,URY,2015,100
Uruguay,URY,2016,100
Uruguay,URY,2017,100
Uruguay,URY,2018,100
Uruguay,URY,2019,100
Uruguay,URY,2020,100
Uzbekistan,UZB,2000,83.6
Uzbekistan,UZB,2001,83.9
Uzbekistan,UZB,2002,84.2
Uzbekistan,UZB,2003,84.5
Uzbekistan,UZB,2004,84.6
Uzbekistan,UZB,2005,85
Uzbekistan,UZB,2006,85.3
Uzbekistan,UZB,2007,85.3
Uzbekistan,UZB,2008,85.7
Uzbekistan,UZB,2009,85.6
Uzbekistan,UZB,2010,85.8
Uzbekistan,UZB,2011,85.6
Uzbekistan,UZB,2012,85.8
Uzbekistan,UZB,2013,85.5
Uzbekistan,UZB,2014,85.5
Uzbekistan,UZB,2015,85.35
Uzbekistan,UZB,2016,85.2
Uzbekistan,UZB,2017,84.9
Uzbekistan,UZB,2018,84.3
Uzbekistan,UZB,2019,84.6
Uzbekistan,UZB,2020,84.25
Vanuatu,VUT,2000,15.9
Vanuatu,VUT,2001,15.7
Vanuatu,VUT,2002,15.5
Vanuatu,VUT,2003,15.35
Vanuatu,VUT,2004,15.1
Vanuatu,VUT,2005,14.7
Vanuatu,VUT,2006,14.5
Vanuatu,VUT,2007,13.9
Vanuatu,VUT,2008,13.5
Vanuatu,VUT,2009,12.9
Vanuatu,VUT,2010,12.3
Vanuatu,VUT,2011,11.5
Vanuatu,VUT,2012,11
Vanuatu,VUT,2013,10.6
Vanuatu,VUT,2014,10
Vanuatu,VUT,2015,9.5
Vanuatu,VUT,2016,8.8
Vanuatu,VUT,2017,8.4
Vanuatu,VUT,2018,8.3
Vanuatu,VUT,2019,8
Vanuatu,VUT,2020,7.6
Venezuela,VEN,2000,97
Venezuela,VEN,2001,97
Venezuela,VEN,2002,97
Venezuela,VEN,2003,96.8
Venezuela,VEN,2004,96.7
Venezuela,VEN,2005,96.8
Venezuela,VEN,2006,96.8
Venezuela,VEN,2007,96.7
Venezuela,VEN,2008,96.8
Venezuela,VEN,2009,96.8
Venezuela,VEN,2010,96.9
Venezuela,VEN,2011,96.9
Venezuela,VEN,2012,97
Venezuela,VEN,2013,97
Venezuela,VEN,2014,97.2
Venezuela,VEN,2015,97.1
Venezuela,VEN,2016,97
Venezuela,VEN,2017,97
Venezuela,VEN,2018,97.25
Venezuela,VEN,2019,97
Venezuela,VEN,2020,97
Vietnam,VNM,2000,14
Vietnam,VNM,2001,17.2
Vietnam,VNM,2002,20.6
Vietnam,VNM,2003,24.4
Vietnam,VNM,2004,28.2
Vietnam,VNM,2005,31.8
Vietnam,VNM,2006,35.6
Vietnam,VNM,2007,39.4
Vietnam,VNM,2008,42.75
Vietnam,VNM,2009,45.8
Vietnam,VNM,2010,48.7
Vietnam,VNM,2011,51.6
Vietnam,VNM,2012,53.9
Vietnam,VNM,2013,56.2
Vietnam,VNM,2014,58.3
Vietnam,VNM,2015,59.6
Vietnam,VNM,2016,61
Vietnam,VNM,2017,62.3
Vietnam,VNM,2018,63.3
Vietnam,VNM,2019,64.4
Vietnam,VNM,2020,65.3
Western Pacific,,2000,47.6
Western Pacific,,2001,48.1
Western Pacific,,2002,48.8
Western Pacific,,2003,49.3
Western Pacific,,2004,50.6
Western Pacific,,2005,51.7
Western Pacific,,2006,53
Western Pacific,,2007,54.4
Western Pacific,,2008,55.9
Western Pacific,,2009,57.8
Western Pacific,,2010,59.4
Western Pacific,,2011,61.6
Western Pacific,,2012,63.6
Western Pacific,,2013,65.6
Western Pacific,,2014,67.7
Western Pacific,,2015,69.6
Western Pacific,,2016,71.4
Western Pacific,,2017,73.4
Western Pacific,,2018,75.3
Western Pacific,,2019,76.9
Western Pacific,,2020,78.3
World,OWID_WRL,2000,49.5
World,OWID_WRL,2001,49.9
World,OWID_WRL,2002,50.4
World,OWID_WRL,2003,50.9
World,OWID_WRL,2004,51.6
World,OWID_WRL,2005,52.3
World,OWID_WRL,2006,53.1
World,OWID_WRL,2007,53.9
World,OWID_WRL,2008,54.8
World,OWID_WRL,2009,55.9
World,OWID_WRL,2010,56.9
World,OWID_WRL,2011,58
World,OWID_WRL,2012,59.3
World,OWID_WRL,2013,60.3
World,OWID_WRL,2014,61.6
World,OWID_WRL,2015,62.9
World,OWID_WRL,2016,64
World,OWID_WRL,2017,65.5
World,OWID_WRL,2018,66.9
World,OWID_WRL,2019,68.1
World,OWID_WRL,2020,69.3
Yemen,YEM,2000,55.7
Yemen,YEM,2001,56.1
Yemen,YEM,2002,56.7
Yemen,YEM,2003,57.15
Yemen,YEM,2004,57.4
Yemen,YEM,2005,57.9
Yemen,YEM,2006,58.2
Yemen,YEM,2007,58.7
Yemen,YEM,2008,59
Yemen,YEM,2009,59.5
Yemen,YEM,2010,59.7
Yemen,YEM,2011,60
Yemen,YEM,2012,60
Yemen,YEM,2013,60.3
Yemen,YEM,2014,60.8
Yemen,YEM,2015,61.1
Yemen,YEM,2016,61.2
Yemen,YEM,2017,61.35
Yemen,YEM,2018,61.5
Yemen,YEM,2019,61.3
Yemen,YEM,2020,61.5
Zambia,ZMB,2000,13.8
Zambia,ZMB,2001,14.2
Zambia,ZMB,2002,14.6
Zambia,ZMB,2003,15.1
Zambia,ZMB,2004,15.3
Zambia,ZMB,2005,15.7
Zambia,ZMB,2006,15.9
Zambia,ZMB,2007,16.1
Zambia,ZMB,2008,16.2
Zambia,ZMB,2009,16.3
Zambia,ZMB,2010,16.2
Zambia,ZMB,2011,15.9
Zambia,ZMB,2012,15.5
Zambia,ZMB,2013,15.1
Zambia,ZMB,2014,14.6
Zambia,ZMB,2015,14
Zambia,ZMB,2016,13.4
Zambia,ZMB,2017,12.5
Zambia,ZMB,2018,11.9
Zambia,ZMB,2019,11.2
Zambia,ZMB,2020,10.4
Zimbabwe,ZWE,2000,33.5
Zimbabwe,ZWE,2001,33.6
Zimbabwe,ZWE,2002,33.5
Zimbabwe,ZWE,2003,32.8
Zimbabwe,ZWE,2004,32.2
Zimbabwe,ZWE,2005,31.7
Zimbabwe,ZWE,2006,31.4
Zimbabwe,ZWE,2007,31
Zimbabwe,ZWE,2008,30.5
Zimbabwe,ZWE,2009,30.5
Zimbabwe,ZWE,2010,30.15
Zimbabwe,ZWE,2011,30.1
Zimbabwe,ZWE,2012,29.8
Zimbabwe,ZWE,2013,29.8
Zimbabwe,ZWE,2014,29.5
Zimbabwe,ZWE,2015,29.5
Zimbabwe,ZWE,2016,29.8
Zimbabwe,ZWE,2017,29.8
Zimbabwe,ZWE,2018,29.9
Zimbabwe,ZWE,2019,30.1
Zimbabwe,ZWE,2020,30.4
